﻿<?xml version="1.0" encoding="utf-8" ?> 
<logconfig>
	<totallog>
		<filename>total</filename>
		<islog>0</islog>
		<types>type1,type2,type3</types>
		<size>2048</size>
	</totallog>
  <errorlog>
    <filename>error</filename>
    <islog>1</islog>
  </errorlog>
	<type2>
		<levels>
      <level>
        <levelname>交易日志</levelname>
        <filename>TransactionLog</filename>
        <items>TransLib</items>
        <islog>0</islog>
      </level>
      <level>
        <levelname>核心日志</levelname>
        <filename>YanYin</filename>
        <items>YanYin</items>
        <islog>1</islog>
      </level>
    </levels>
	</type2>
	<type3>
		<class>
			<classname>Form1</classname>
			<filename>Form1</filename>
			<islog>0</islog>
		</class>
		<class>
			<classname></classname>
			<filename></filename>
			<islog>0</islog>
		</class>
	</type3>
</logconfig>

