﻿<?xml version="1.0" encoding="utf-8" ?>
<Model Type="ProL">
    <MD Type="ProL">
      <add key="zhangh" value=""/>
      <add key="yinjbh" value=""/>
      <add key="qiyrq" value=""/>
      <add key="yinjlx" value=""/>
      <add key="yinjzl" value=""/>
      <add key="yinjys" value=""/>
      <add key="yinjtp" value=""/>
      <add key="yinjzt" value="新增"/>
      <add key="yinjshzt" value=""/>
      <add key="yinjkbh" value=""/>
      <add key="yanyjb" value="0"/>
      <add key="yanyjg" value="3"/>
      <add key="tingyrq" value=""/>
      <add key="weigyy" value=""/>
      <add key="hengzb" value="0"/>
      <add key="zongzb" value="0"/>
      <add key="yinzjd" value="0"/>
    </MD>
</Model>