﻿<?xml version="1.0" standalone="yes"?>
<NewDataSet>
  <Table>
    <按钮TEXT>tspBtnExit</按钮TEXT>
    <是否设置快捷键>是</是否设置快捷键>
    <提示信息展示>是</提示信息展示>
    <提示信息内容>Alt+F4</提示信息内容>
    <快捷键名称>Alt+F4</快捷键名称>
    <所属界面>账户管理</所属界面>
    <按钮名称>退出</按钮名称>
    <控件类型>button</控件类型>
  </Table>
  <Table>
    <按钮TEXT>tspBtnAccount</按钮TEXT>
    <是否设置快捷键>是</是否设置快捷键>
    <提示信息展示>是</提示信息展示>
    <提示信息内容>Alt+F5</提示信息内容>
    <快捷键名称>Alt+F5</快捷键名称>
    <所属界面>账户管理</所属界面>
    <按钮名称>账户信息</按钮名称>
    <控件类型>button</控件类型>
  </Table>
  <Table>
    <按钮TEXT>tspBtnSeal</按钮TEXT>
    <是否设置快捷键>是</是否设置快捷键>
    <提示信息展示>是</提示信息展示>
    <提示信息内容>Alt+F3</提示信息内容>
    <快捷键名称>Alt+F3</快捷键名称>
    <所属界面>账户管理</所属界面>
    <按钮名称>印鉴组合</按钮名称>
    <控件类型>button</控件类型>
  </Table>
  <Table>
    <按钮TEXT>btnCreate</按钮TEXT>
    <是否设置快捷键>是</是否设置快捷键>
    <提示信息展示>是</提示信息展示>
    <提示信息内容>Ctrl+N</提示信息内容>
    <快捷键名称>Control+N</快捷键名称>
    <所属界面>账户管理</所属界面>
    <按钮名称>开户</按钮名称>
    <控件类型>button</控件类型>
  </Table>
  <Table>
    <按钮TEXT>btnChildCreate</按钮TEXT>
    <是否设置快捷键>是</是否设置快捷键>
    <提示信息展示>是</提示信息展示>
    <提示信息内容>Ctrl+B</提示信息内容>
    <快捷键名称>Control+B</快捷键名称>
    <所属界面>账户管理</所属界面>
    <按钮名称>印鉴复用</按钮名称>
    <控件类型>button</控件类型>
  </Table>
  <Table>
    <按钮TEXT>btnInfoSave</按钮TEXT>
    <是否设置快捷键>是</是否设置快捷键>
    <提示信息展示>是</提示信息展示>
    <提示信息内容>Ctrl+S</提示信息内容>
    <快捷键名称>Control+S</快捷键名称>
    <所属界面>账户管理</所属界面>
    <按钮名称>保存</按钮名称>
    <控件类型>button</控件类型>
  </Table>
  <Table>
    <按钮TEXT>btnInfoModify</按钮TEXT>
    <是否设置快捷键>是</是否设置快捷键>
    <提示信息展示>是</提示信息展示>
    <提示信息内容>Ctrl+M</提示信息内容>
    <快捷键名称>Control+M</快捷键名称>
    <所属界面>账户管理</所属界面>
    <按钮名称>信息修改</按钮名称>
    <控件类型>button</控件类型>
  </Table>
  <Table>
    <按钮TEXT>btnInfoCancle</按钮TEXT>
    <是否设置快捷键>是</是否设置快捷键>
    <提示信息展示>是</提示信息展示>
    <提示信息内容>Ctrl+Z</提示信息内容>
    <快捷键名称>Control+Z</快捷键名称>
    <所属界面>账户管理</所属界面>
    <按钮名称>取消</按钮名称>
    <控件类型>button</控件类型>
  </Table>
  <Table>
    <按钮TEXT>btnnext</按钮TEXT>
    <是否设置快捷键>是</是否设置快捷键>
    <提示信息展示>是</提示信息展示>
    <提示信息内容>→</提示信息内容>
    <快捷键名称>Right</快捷键名称>
    <所属界面>账户管理</所属界面>
    <按钮名称>下一个印鉴</按钮名称>
    <控件类型>button</控件类型>
  </Table>
  <Table>
    <按钮TEXT>btnprev</按钮TEXT>
    <是否设置快捷键>是</是否设置快捷键>
    <提示信息展示>是</提示信息展示>
    <提示信息内容>←</提示信息内容>
    <快捷键名称>Left</快捷键名称>
    <所属界面>账户管理</所属界面>
    <按钮名称>上一个印鉴</按钮名称>
    <控件类型>button</控件类型>
  </Table>
  <Table>
    <按钮TEXT>btnright</按钮TEXT>
    <是否设置快捷键>是</是否设置快捷键>
    <提示信息展示>是</提示信息展示>
    <提示信息内容>pgdn</提示信息内容>
    <快捷键名称>Next</快捷键名称>
    <所属界面>账户管理</所属界面>
    <按钮名称>下一页印鉴</按钮名称>
    <控件类型>button</控件类型>
  </Table>
  <Table>
    <按钮TEXT>btnleft</按钮TEXT>
    <是否设置快捷键>是</是否设置快捷键>
    <提示信息展示>是</提示信息展示>
    <提示信息内容>pgup</提示信息内容>
    <快捷键名称>PageUp</快捷键名称>
    <所属界面>账户管理</所属界面>
    <按钮名称>上一页印鉴</按钮名称>
    <控件类型>button</控件类型>
  </Table>
  <Table>
    <按钮TEXT>btnAllSave</按钮TEXT>
    <是否设置快捷键>是</是否设置快捷键>
    <提示信息展示>是</提示信息展示>
    <提示信息内容>Ctrl+S</提示信息内容>
    <快捷键名称>Control+S</快捷键名称>
    <所属界面>账户管理</所属界面>
    <按钮名称>提交</按钮名称>
    <控件类型>button</控件类型>
  </Table>
  <Table>
    <按钮TEXT>btnAllCancle</按钮TEXT>
    <是否设置快捷键>是</是否设置快捷键>
    <提示信息展示>是</提示信息展示>
    <提示信息内容>Ctrl+Z</提示信息内容>
    <快捷键名称>Control+Z</快捷键名称>
    <所属界面>账户管理</所属界面>
    <按钮名称>取消</按钮名称>
    <控件类型>button</控件类型>
  </Table>
  <Table>
    <按钮TEXT>btnSave</按钮TEXT>
    <是否设置快捷键>是</是否设置快捷键>
    <提示信息展示>是</提示信息展示>
    <提示信息内容>Ctrl+B</提示信息内容>
    <快捷键名称>Control+B</快捷键名称>
    <所属界面>账户管理</所属界面>
    <按钮名称>保存印鉴</按钮名称>
    <控件类型>button</控件类型>
  </Table>
  <Table>
    <按钮TEXT>btnDel</按钮TEXT>
    <是否设置快捷键>是</是否设置快捷键>
    <提示信息展示>是</提示信息展示>
    <提示信息内容>Ctrl+D</提示信息内容>
    <快捷键名称>Control+D</快捷键名称>
    <所属界面>账户管理</所属界面>
    <按钮名称>删除印鉴</按钮名称>
    <控件类型>button</控件类型>
  </Table>
  <Table>
    <按钮TEXT>btnModify</按钮TEXT>
    <是否设置快捷键>是</是否设置快捷键>
    <提示信息展示>是</提示信息展示>
    <提示信息内容>Ctrl+M</提示信息内容>
    <快捷键名称>Control+M</快捷键名称>
    <所属界面>账户管理</所属界面>
    <按钮名称>修改印鉴</按钮名称>
    <控件类型>button</控件类型>
  </Table>
  <Table>
    <按钮TEXT>btndown</按钮TEXT>
    <是否设置快捷键>是</是否设置快捷键>
    <提示信息展示>是</提示信息展示>
    <提示信息内容>主键盘=</提示信息内容>
    <快捷键名称>Oemplus</快捷键名称>
    <所属界面>账户管理</所属界面>
    <按钮名称>下一张</按钮名称>
    <控件类型>button</控件类型>
  </Table>
  <Table>
    <按钮TEXT>btnup</按钮TEXT>
    <是否设置快捷键>是</是否设置快捷键>
    <提示信息展示>是</提示信息展示>
    <提示信息内容>主键盘-</提示信息内容>
    <快捷键名称>OemMinus</快捷键名称>
    <所属界面>账户管理</所属界面>
    <按钮名称>上一张</按钮名称>
    <控件类型>button</控件类型>
  </Table>
  <Table>
    <按钮TEXT>btnback</按钮TEXT>
    <是否设置快捷键>是</是否设置快捷键>
    <提示信息展示>是</提示信息展示>
    <提示信息内容>Home</提示信息内容>
    <快捷键名称>Home</快捷键名称>
    <所属界面>账户管理</所属界面>
    <按钮名称>回退</按钮名称>
    <控件类型>button</控件类型>
  </Table>
  <Table>
    <按钮TEXT>btnfinish</按钮TEXT>
    <是否设置快捷键>是</是否设置快捷键>
    <提示信息展示>是</提示信息展示>
    <提示信息内容>Ctrl+Enter</提示信息内容>
    <快捷键名称>Control+Return</快捷键名称>
    <所属界面>账户管理</所属界面>
    <按钮名称>完成</按钮名称>
    <控件类型>button</控件类型>
  </Table>
  <Table>
    <按钮TEXT>btnOpenFile</按钮TEXT>
    <是否设置快捷键>是</是否设置快捷键>
    <提示信息展示>是</提示信息展示>
    <提示信息内容>Alt+O</提示信息内容>
    <快捷键名称>Alt+O</快捷键名称>
    <所属界面>账户管理</所属界面>
    <按钮名称>本地加载</按钮名称>
    <控件类型>button</控件类型>
  </Table>
  <Table>
    <按钮TEXT>btnSelect</按钮TEXT>
    <是否设置快捷键>是</是否设置快捷键>
    <提示信息展示>是</提示信息展示>
    <提示信息内容>Alt+L</提示信息内容>
    <快捷键名称>Alt+L</快捷键名称>
    <所属界面>账户管理</所属界面>
    <按钮名称>设备选择</按钮名称>
    <控件类型>button</控件类型>
  </Table>
  <Table>
    <按钮TEXT>btnScan</按钮TEXT>
    <是否设置快捷键>是</是否设置快捷键>
    <提示信息展示>是</提示信息展示>
    <提示信息内容>Alt+P</提示信息内容>
    <快捷键名称>Alt+P</快捷键名称>
    <所属界面>账户管理</所属界面>
    <按钮名称>影像采集</按钮名称>
    <控件类型>button</控件类型>
  </Table>
  <Table>
    <按钮TEXT>btnAuto</按钮TEXT>
    <是否设置快捷键>是</是否设置快捷键>
    <提示信息展示>是</提示信息展示>
    <提示信息内容>Alt+Y</提示信息内容>
    <快捷键名称>Alt+Y</快捷键名称>
    <所属界面>账户管理</所属界面>
    <按钮名称>自动提章</按钮名称>
    <控件类型>button</控件类型>
  </Table>
  <Table>
    <按钮TEXT>btnSeal</按钮TEXT>
    <是否设置快捷键>是</是否设置快捷键>
    <提示信息展示>是</提示信息展示>
    <提示信息内容>Alt+U</提示信息内容>
    <快捷键名称>Alt+U</快捷键名称>
    <所属界面>账户管理</所属界面>
    <按钮名称>提取印章</按钮名称>
    <控件类型>button</控件类型>
  </Table>
  <Table>
    <按钮TEXT>BtnSign</按钮TEXT>
    <是否设置快捷键>是</是否设置快捷键>
    <提示信息展示>是</提示信息展示>
    <提示信息内容>Alt+I</提示信息内容>
    <快捷键名称>Alt+I</快捷键名称>
    <所属界面>账户管理</所属界面>
    <按钮名称>提取签字</按钮名称>
    <控件类型>button</控件类型>
  </Table>
  <Table>
    <按钮TEXT>btnDiwen</按钮TEXT>
    <是否设置快捷键>是</是否设置快捷键>
    <提示信息展示>是</提示信息展示>
    <提示信息内容>Alt+Q</提示信息内容>
    <快捷键名称>Alt+Q</快捷键名称>
    <所属界面>账户管理</所属界面>
    <按钮名称>底纹</按钮名称>
    <控件类型>button</控件类型>
  </Table>
  <Table>
    <按钮TEXT>btnFazhiAdd</按钮TEXT>
    <是否设置快捷键>是</是否设置快捷键>
    <提示信息展示>是</提示信息展示>
    <提示信息内容>Alt+W</提示信息内容>
    <快捷键名称>Alt+W</快捷键名称>
    <所属界面>账户管理</所属界面>
    <按钮名称>增加阀值</按钮名称>
    <控件类型>button</控件类型>
  </Table>
  <Table>
    <按钮TEXT>btnFazhiCut</按钮TEXT>
    <是否设置快捷键>是</是否设置快捷键>
    <提示信息展示>是</提示信息展示>
    <提示信息内容>Alt+R</提示信息内容>
    <快捷键名称>Alt+R</快捷键名称>
    <所属界面>账户管理</所属界面>
    <按钮名称>减少阀值</按钮名称>
    <控件类型>button</控件类型>
  </Table>
  <Table>
    <按钮TEXT>btnTurn90</按钮TEXT>
    <是否设置快捷键>是</是否设置快捷键>
    <提示信息展示>是</提示信息展示>
    <提示信息内容>Alt+N</提示信息内容>
    <快捷键名称>Alt+N</快捷键名称>
    <所属界面>账户管理</所属界面>
    <按钮名称>旋转90度</按钮名称>
    <控件类型>button</控件类型>
  </Table>
  <Table>
    <按钮TEXT>btnTurn180</按钮TEXT>
    <是否设置快捷键>是</是否设置快捷键>
    <提示信息展示>是</提示信息展示>
    <提示信息内容>Alt+M</提示信息内容>
    <快捷键名称>Alt+M</快捷键名称>
    <所属界面>账户管理</所属界面>
    <按钮名称>旋转180度</按钮名称>
    <控件类型>button</控件类型>
  </Table>
  <Table>
    <按钮TEXT>btnEraserCut</按钮TEXT>
    <是否设置快捷键>是</是否设置快捷键>
    <提示信息展示>是</提示信息展示>
    <提示信息内容>Alt+A</提示信息内容>
    <快捷键名称>Alt+A</快捷键名称>
    <所属界面>账户管理</所属界面>
    <按钮名称>橡皮－擦除</按钮名称>
    <控件类型>button</控件类型>
  </Table>
  <Table>
    <按钮TEXT>btnEraserReCut</按钮TEXT>
    <是否设置快捷键>是</是否设置快捷键>
    <提示信息展示>是</提示信息展示>
    <提示信息内容>Alt+S</提示信息内容>
    <快捷键名称>Alt+S</快捷键名称>
    <所属界面>账户管理</所属界面>
    <按钮名称>橡皮－恢复</按钮名称>
    <控件类型>button</控件类型>
  </Table>
  <Table>
    <按钮TEXT>btnEraserCancel</按钮TEXT>
    <是否设置快捷键>是</是否设置快捷键>
    <提示信息展示>是</提示信息展示>
    <提示信息内容>Alt+D</提示信息内容>
    <快捷键名称>Alt+D</快捷键名称>
    <所属界面>账户管理</所属界面>
    <按钮名称>取消橡皮</按钮名称>
    <控件类型>button</控件类型>
  </Table>
  <Table>
    <按钮TEXT>btnEraser1</按钮TEXT>
    <是否设置快捷键>是</是否设置快捷键>
    <提示信息展示>是</提示信息展示>
    <提示信息内容>Alt+主键盘1</提示信息内容>
    <快捷键名称>Alt+D1</快捷键名称>
    <所属界面>账户管理</所属界面>
    <按钮名称>橡皮1</按钮名称>
    <控件类型>button</控件类型>
  </Table>
  <Table>
    <按钮TEXT>btnEraser2</按钮TEXT>
    <是否设置快捷键>是</是否设置快捷键>
    <提示信息展示>是</提示信息展示>
    <提示信息内容>Alt+主键盘2</提示信息内容>
    <快捷键名称>Alt+D2</快捷键名称>
    <所属界面>账户管理</所属界面>
    <按钮名称>橡皮2</按钮名称>
    <控件类型>button</控件类型>
  </Table>
  <Table>
    <按钮TEXT>btnEraser3</按钮TEXT>
    <是否设置快捷键>是</是否设置快捷键>
    <提示信息展示>是</提示信息展示>
    <提示信息内容>Alt+主键盘3</提示信息内容>
    <快捷键名称>Alt+D3</快捷键名称>
    <所属界面>账户管理</所属界面>
    <按钮名称>橡皮3</按钮名称>
    <控件类型>button</控件类型>
  </Table>
  <Table>
    <按钮TEXT>btnEraser4</按钮TEXT>
    <是否设置快捷键>是</是否设置快捷键>
    <提示信息展示>是</提示信息展示>
    <提示信息内容>Alt+主键盘4</提示信息内容>
    <快捷键名称>Alt+D4</快捷键名称>
    <所属界面>账户管理</所属界面>
    <按钮名称>橡皮4</按钮名称>
    <控件类型>button</控件类型>
  </Table>
  <Table>
    <按钮TEXT>ToLeft</按钮TEXT>
    <是否设置快捷键>是</是否设置快捷键>
    <提示信息展示>是</提示信息展示>
    <提示信息内容>Shift+A</提示信息内容>
    <快捷键名称>Shift+A</快捷键名称>
    <所属界面>账户管理</所属界面>
    <按钮名称>向左移动边框</按钮名称>
    <控件类型>button</控件类型>
  </Table>
  <Table>
    <按钮TEXT>ToRight</按钮TEXT>
    <是否设置快捷键>是</是否设置快捷键>
    <提示信息展示>是</提示信息展示>
    <提示信息内容>Shift+D</提示信息内容>
    <快捷键名称>Shift+D</快捷键名称>
    <所属界面>账户管理</所属界面>
    <按钮名称>向右移动边框</按钮名称>
    <控件类型>button</控件类型>
  </Table>
  <Table>
    <按钮TEXT>ToTop</按钮TEXT>
    <是否设置快捷键>是</是否设置快捷键>
    <提示信息展示>是</提示信息展示>
    <提示信息内容>Shift+W</提示信息内容>
    <快捷键名称>Shift+W</快捷键名称>
    <所属界面>账户管理</所属界面>
    <按钮名称>向上移动边框</按钮名称>
    <控件类型>button</控件类型>
  </Table>
  <Table>
    <按钮TEXT>ToBottom</按钮TEXT>
    <是否设置快捷键>是</是否设置快捷键>
    <提示信息展示>是</提示信息展示>
    <提示信息内容>Shift+S</提示信息内容>
    <快捷键名称>Shift+S</快捷键名称>
    <所属界面>账户管理</所属界面>
    <按钮名称>向下移动边框</按钮名称>
    <控件类型>button</控件类型>
  </Table>
  <Table>
    <按钮TEXT>OneToLeft</按钮TEXT>
    <是否设置快捷键>是</是否设置快捷键>
    <提示信息展示>是</提示信息展示>
    <提示信息内容>Ctrl+←</提示信息内容>
    <快捷键名称>Control+Left</快捷键名称>
    <所属界面>账户管理</所属界面>
    <按钮名称>右边框向左缩小</按钮名称>
    <控件类型>button</控件类型>
  </Table>
  <Table>
    <按钮TEXT>OneToRight</按钮TEXT>
    <是否设置快捷键>是</是否设置快捷键>
    <提示信息展示>是</提示信息展示>
    <提示信息内容>Ctrl+→</提示信息内容>
    <快捷键名称>Control+Right</快捷键名称>
    <所属界面>账户管理</所属界面>
    <按钮名称>右边框向右扩大</按钮名称>
    <控件类型>button</控件类型>
  </Table>
  <Table>
    <按钮TEXT>OneToTop</按钮TEXT>
    <是否设置快捷键>是</是否设置快捷键>
    <提示信息展示>是</提示信息展示>
    <提示信息内容>Ctrl+↑</提示信息内容>
    <快捷键名称>Control+Up</快捷键名称>
    <所属界面>账户管理</所属界面>
    <按钮名称>下边框向上缩小</按钮名称>
    <控件类型>button</控件类型>
  </Table>
  <Table>
    <按钮TEXT>OneToBottom</按钮TEXT>
    <是否设置快捷键>是</是否设置快捷键>
    <提示信息展示>是</提示信息展示>
    <提示信息内容>Ctrl+↓</提示信息内容>
    <快捷键名称>Control+Down</快捷键名称>
    <所属界面>账户管理</所属界面>
    <按钮名称>下边框向下扩大</按钮名称>
    <控件类型>button</控件类型>
  </Table>
  <Table>
    <按钮TEXT>TwoHolAdd</按钮TEXT>
    <是否设置快捷键>是</是否设置快捷键>
    <提示信息展示>是</提示信息展示>
    <提示信息内容>Shift+L</提示信息内容>
    <快捷键名称>Shift+L</快捷键名称>
    <所属界面>账户管理</所属界面>
    <按钮名称>双边水平扩大</按钮名称>
    <控件类型>button</控件类型>
  </Table>
  <Table>
    <按钮TEXT>TwoHolCut</按钮TEXT>
    <是否设置快捷键>是</是否设置快捷键>
    <提示信息展示>是</提示信息展示>
    <提示信息内容>Shift+J</提示信息内容>
    <快捷键名称>Shift+J</快捷键名称>
    <所属界面>账户管理</所属界面>
    <按钮名称>双边水平缩小</按钮名称>
    <控件类型>button</控件类型>
  </Table>
  <Table>
    <按钮TEXT>TwoVelAdd</按钮TEXT>
    <是否设置快捷键>是</是否设置快捷键>
    <提示信息展示>是</提示信息展示>
    <提示信息内容>Shift+K</提示信息内容>
    <快捷键名称>Shift+K</快捷键名称>
    <所属界面>账户管理</所属界面>
    <按钮名称>双边垂直扩大</按钮名称>
    <控件类型>button</控件类型>
  </Table>
  <Table>
    <按钮TEXT>TwoVelCut</按钮TEXT>
    <是否设置快捷键>是</是否设置快捷键>
    <提示信息展示>是</提示信息展示>
    <提示信息内容>Shift+I</提示信息内容>
    <快捷键名称>Shift+I</快捷键名称>
    <所属界面>账户管理</所属界面>
    <按钮名称>双边垂直缩小</按钮名称>
    <控件类型>button</控件类型>
  </Table>
  <Table>
    <按钮TEXT>btnAddGroup</按钮TEXT>
    <是否设置快捷键>是</是否设置快捷键>
    <提示信息展示>是</提示信息展示>
    <提示信息内容>Ctrl+主键盘0</提示信息内容>
    <快捷键名称>Control+D0</快捷键名称>
    <所属界面>账户管理</所属界面>
    <按钮名称>新增组合</按钮名称>
    <控件类型>button</控件类型>
  </Table>
  <Table>
    <按钮TEXT>btnSaveGroup</按钮TEXT>
    <是否设置快捷键>是</是否设置快捷键>
    <提示信息展示>是</提示信息展示>
    <提示信息内容>Ctrl+主键盘1</提示信息内容>
    <快捷键名称>Control+D1</快捷键名称>
    <所属界面>账户管理</所属界面>
    <按钮名称>保存组合</按钮名称>
    <控件类型>button</控件类型>
  </Table>
  <Table>
    <按钮TEXT>tbnDelGroup</按钮TEXT>
    <是否设置快捷键>是</是否设置快捷键>
    <提示信息展示>是</提示信息展示>
    <提示信息内容>Ctrl+主键盘2</提示信息内容>
    <快捷键名称>Control+D2</快捷键名称>
    <所属界面>账户管理</所属界面>
    <按钮名称>删除组合</按钮名称>
    <控件类型>button</控件类型>
  </Table>
  <Table>
    <按钮TEXT>tbnModifyGroup</按钮TEXT>
    <是否设置快捷键>是</是否设置快捷键>
    <提示信息展示>是</提示信息展示>
    <提示信息内容>Ctrl+主键盘3</提示信息内容>
    <快捷键名称>Control+D3</快捷键名称>
    <所属界面>账户管理</所属界面>
    <按钮名称>修改组合</按钮名称>
    <控件类型>button</控件类型>
  </Table>
  <Table>
    <按钮TEXT>btnKLeft</按钮TEXT>
    <是否设置快捷键>是</是否设置快捷键>
    <提示信息展示>是</提示信息展示>
    <提示信息内容>Ctrl+主键盘4</提示信息内容>
    <快捷键名称>Control+D4</快捷键名称>
    <所属界面>账户管理</所属界面>
    <按钮名称>左括号</按钮名称>
    <控件类型>button</控件类型>
  </Table>
  <Table>
    <按钮TEXT>btnKRight</按钮TEXT>
    <是否设置快捷键>是</是否设置快捷键>
    <提示信息展示>是</提示信息展示>
    <提示信息内容>Ctrl+主键盘5</提示信息内容>
    <快捷键名称>Control+D5</快捷键名称>
    <所属界面>账户管理</所属界面>
    <按钮名称>右括号</按钮名称>
    <控件类型>button</控件类型>
  </Table>
  <Table>
    <按钮TEXT>btnAnd</按钮TEXT>
    <是否设置快捷键>是</是否设置快捷键>
    <提示信息展示>是</提示信息展示>
    <提示信息内容>Ctrl+主键盘6</提示信息内容>
    <快捷键名称>Control+D6</快捷键名称>
    <所属界面>账户管理</所属界面>
    <按钮名称>并且</按钮名称>
    <控件类型>button</控件类型>
  </Table>
  <Table>
    <按钮TEXT>btnClear</按钮TEXT>
    <是否设置快捷键>是</是否设置快捷键>
    <提示信息展示>是</提示信息展示>
    <提示信息内容>Ctrl+主键盘7</提示信息内容>
    <快捷键名称>Control+D7</快捷键名称>
    <所属界面>账户管理</所属界面>
    <按钮名称>清除</按钮名称>
    <控件类型>button</控件类型>
  </Table>
  <Table>
    <按钮TEXT>btnGoBack</按钮TEXT>
    <是否设置快捷键>是</是否设置快捷键>
    <提示信息展示>是</提示信息展示>
    <提示信息内容>Ctrl+主键盘8</提示信息内容>
    <快捷键名称>Control+D8</快捷键名称>
    <所属界面>账户管理</所属界面>
    <按钮名称>回退</按钮名称>
    <控件类型>button</控件类型>
  </Table>
  <Table>
    <按钮TEXT>btnOr</按钮TEXT>
    <是否设置快捷键>是</是否设置快捷键>
    <提示信息展示>是</提示信息展示>
    <提示信息内容>Ctrl+主键盘9</提示信息内容>
    <快捷键名称>Control+D9</快捷键名称>
    <所属界面>账户管理</所属界面>
    <按钮名称>或者</按钮名称>
    <控件类型>button</控件类型>
  </Table>
  <Table>
    <按钮TEXT>btnCancle</按钮TEXT>
    <是否设置快捷键>是</是否设置快捷键>
    <提示信息展示>是</提示信息展示>
    <提示信息内容>Shift+Z</提示信息内容>
    <快捷键名称>Shift+Z</快捷键名称>
    <所属界面>账户管理</所属界面>
    <按钮名称>取消组合</按钮名称>
    <控件类型>button</控件类型>
  </Table>
  <Table>
    <按钮TEXT>btnGroup</按钮TEXT>
    <是否设置快捷键>是</是否设置快捷键>
    <提示信息展示>是</提示信息展示>
    <提示信息内容>Ctrl+G</提示信息内容>
    <快捷键名称>Control+G</快捷键名称>
    <所属界面>账户管理</所属界面>
    <按钮名称>组选</按钮名称>
    <控件类型>button</控件类型>
  </Table>
  <Table>
    <按钮TEXT>btnFuzyy</按钮TEXT>
    <是否设置快捷键>是</是否设置快捷键>
    <提示信息展示>是</提示信息展示>
    <提示信息内容>F2</提示信息内容>
    <快捷键名称>F2</快捷键名称>
    <所属界面>接口审核</所属界面>
    <按钮名称>辅助验印</按钮名称>
    <控件类型>button</控件类型>
  </Table>
  <Table>
    <按钮TEXT>btnPass</按钮TEXT>
    <是否设置快捷键>是</是否设置快捷键>
    <提示信息展示>是</提示信息展示>
    <提示信息内容>小键盘+</提示信息内容>
    <快捷键名称>Add</快捷键名称>
    <所属界面>接口审核</所属界面>
    <按钮名称>人工通过</按钮名称>
    <控件类型>button</控件类型>
  </Table>
  <Table>
    <按钮TEXT>btnNotpass</按钮TEXT>
    <是否设置快捷键>是</是否设置快捷键>
    <提示信息展示>是</提示信息展示>
    <提示信息内容>小键盘-</提示信息内容>
    <快捷键名称>Subtract</快捷键名称>
    <所属界面>接口审核</所属界面>
    <按钮名称>人工不通过</按钮名称>
    <控件类型>button</控件类型>
  </Table>
  <Table>
    <按钮TEXT>btn_accdetail</按钮TEXT>
    <是否设置快捷键>是</是否设置快捷键>
    <提示信息展示>是</提示信息展示>
    <提示信息内容>F6</提示信息内容>
    <快捷键名称>F6</快捷键名称>
    <所属界面>接口审核</所属界面>
    <按钮名称>详情</按钮名称>
    <控件类型>button</控件类型>
  </Table>
  <Table>
    <按钮TEXT>btnOK</按钮TEXT>
    <是否设置快捷键>是</是否设置快捷键>
    <提示信息展示>是</提示信息展示>
    <提示信息内容>F5</提示信息内容>
    <快捷键名称>F5</快捷键名称>
    <所属界面>接口审核</所属界面>
    <按钮名称>提交</按钮名称>
    <控件类型>button</控件类型>
  </Table>
  <Table>
    <按钮TEXT>btnCancel</按钮TEXT>
    <是否设置快捷键>是</是否设置快捷键>
    <提示信息展示>是</提示信息展示>
    <提示信息内容>Alt+F4</提示信息内容>
    <快捷键名称>Alt+F4</快捷键名称>
    <所属界面>接口审核</所属界面>
    <按钮名称>取消</按钮名称>
    <控件类型>button</控件类型>
  </Table>
  <Table>
    <按钮TEXT>BtnAll</按钮TEXT>
    <是否设置快捷键>是</是否设置快捷键>
    <提示信息展示>是</提示信息展示>
    <提示信息内容>小键盘0</提示信息内容>
    <快捷键名称>NumPad0</快捷键名称>
    <所属界面>接口审核</所属界面>
    <按钮名称>一键辅助</按钮名称>
    <控件类型>button</控件类型>
  </Table>
  <Table>
    <按钮TEXT>BtnThreeColor</按钮TEXT>
    <是否设置快捷键>是</是否设置快捷键>
    <提示信息展示>是</提示信息展示>
    <提示信息内容>小键盘1</提示信息内容>
    <快捷键名称>NumPad1</快捷键名称>
    <所属界面>接口审核</所属界面>
    <按钮名称>三色</按钮名称>
    <控件类型>button</控件类型>
  </Table>
  <Table>
    <按钮TEXT>BtnLouKong</按钮TEXT>
    <是否设置快捷键>是</是否设置快捷键>
    <提示信息展示>是</提示信息展示>
    <提示信息内容>小键盘2</提示信息内容>
    <快捷键名称>NumPad2</快捷键名称>
    <所属界面>接口审核</所属界面>
    <按钮名称>镂空</按钮名称>
    <控件类型>button</控件类型>
  </Table>
  <Table>
    <按钮TEXT>BtnCorner</按钮TEXT>
    <是否设置快捷键>是</是否设置快捷键>
    <提示信息展示>是</提示信息展示>
    <提示信息内容>小键盘3</提示信息内容>
    <快捷键名称>NumPad3</快捷键名称>
    <所属界面>接口审核</所属界面>
    <按钮名称>折角</按钮名称>
    <控件类型>button</控件类型>
  </Table>
  <Table>
    <按钮TEXT>BtnLean</按钮TEXT>
    <是否设置快捷键>是</是否设置快捷键>
    <提示信息展示>是</提示信息展示>
    <提示信息内容>小键盘4</提示信息内容>
    <快捷键名称>NumPad4</快捷键名称>
    <所属界面>接口审核</所属界面>
    <按钮名称>斜线</按钮名称>
    <控件类型>button</控件类型>
  </Table>
  <Table>
    <按钮TEXT>BtnEightAngle</按钮TEXT>
    <是否设置快捷键>是</是否设置快捷键>
    <提示信息展示>是</提示信息展示>
    <提示信息内容>小键盘5</提示信息内容>
    <快捷键名称>NumPad5</快捷键名称>
    <所属界面>接口审核</所属界面>
    <按钮名称>八角</按钮名称>
    <控件类型>button</控件类型>
  </Table>
  <Table>
    <按钮TEXT>BtnLine</按钮TEXT>
    <是否设置快捷键>是</是否设置快捷键>
    <提示信息展示>是</提示信息展示>
    <提示信息内容>小键盘6</提示信息内容>
    <快捷键名称>NumPad6</快捷键名称>
    <所属界面>接口审核</所属界面>
    <按钮名称>折线</按钮名称>
    <控件类型>button</控件类型>
  </Table>
  <Table>
    <按钮TEXT>BtnHalf</按钮TEXT>
    <是否设置快捷键>是</是否设置快捷键>
    <提示信息展示>是</提示信息展示>
    <提示信息内容>小键盘7</提示信息内容>
    <快捷键名称>NumPad7</快捷键名称>
    <所属界面>接口审核</所属界面>
    <按钮名称>折半</按钮名称>
    <控件类型>button</控件类型>
  </Table>
  <Table>
    <按钮TEXT>BtnShake</按钮TEXT>
    <是否设置快捷键>是</是否设置快捷键>
    <提示信息展示>是</提示信息展示>
    <提示信息内容>小键盘8</提示信息内容>
    <快捷键名称>NumPad8</快捷键名称>
    <所属界面>接口审核</所属界面>
    <按钮名称>抖动</按钮名称>
    <控件类型>button</控件类型>
  </Table>
  <Table>
    <按钮TEXT>BtnSmall</按钮TEXT>
    <是否设置快捷键>是</是否设置快捷键>
    <提示信息展示>是</提示信息展示>
    <提示信息内容>小键盘9</提示信息内容>
    <快捷键名称>NumPad9</快捷键名称>
    <所属界面>接口审核</所属界面>
    <按钮名称>小码比对</按钮名称>
    <控件类型>button</控件类型>
  </Table>
  <Table>
    <按钮TEXT>btnnext</按钮TEXT>
    <是否设置快捷键>是</是否设置快捷键>
    <提示信息展示>是</提示信息展示>
    <提示信息内容>→</提示信息内容>
    <快捷键名称>Right</快捷键名称>
    <所属界面>接口审核</所属界面>
    <按钮名称>下一个印鉴</按钮名称>
    <控件类型>button</控件类型>
  </Table>
  <Table>
    <按钮TEXT>btnprev</按钮TEXT>
    <是否设置快捷键>是</是否设置快捷键>
    <提示信息展示>是</提示信息展示>
    <提示信息内容>←</提示信息内容>
    <快捷键名称>Left</快捷键名称>
    <所属界面>接口审核</所属界面>
    <按钮名称>上一个印鉴</按钮名称>
    <控件类型>button</控件类型>
  </Table>
  <Table>
    <按钮TEXT>btnright</按钮TEXT>
    <是否设置快捷键>是</是否设置快捷键>
    <提示信息展示>是</提示信息展示>
    <提示信息内容>pgdn</提示信息内容>
    <快捷键名称>Next</快捷键名称>
    <所属界面>接口审核</所属界面>
    <按钮名称>下一页印鉴</按钮名称>
    <控件类型>button</控件类型>
  </Table>
  <Table>
    <按钮TEXT>btnleft</按钮TEXT>
    <是否设置快捷键>是</是否设置快捷键>
    <提示信息展示>是</提示信息展示>
    <提示信息内容>pgup</提示信息内容>
    <快捷键名称>PageUp</快捷键名称>
    <所属界面>接口审核</所属界面>
    <按钮名称>上一页印鉴</按钮名称>
    <控件类型>button</控件类型>
  </Table>
  <Table>
    <按钮TEXT>tspBtnSealHelp</按钮TEXT>
    <是否设置快捷键>是</是否设置快捷键>
    <提示信息展示>是</提示信息展示>
    <提示信息内容>F8</提示信息内容>
    <快捷键名称>F8</快捷键名称>
    <所属界面>接口审核</所属界面>
    <按钮名称>印鉴说明</按钮名称>
    <控件类型>button</控件类型>
  </Table>
  <Table>
    <按钮TEXT>btnPerform</按钮TEXT>
    <是否设置快捷键>是</是否设置快捷键>
    <提示信息展示>是</提示信息展示>
    <提示信息内容>Home键</提示信息内容>
    <快捷键名称>Home</快捷键名称>
    <所属界面>接口审核</所属界面>
    <按钮名称>上一张</按钮名称>
    <控件类型>button</控件类型>
  </Table>
  <Table>
    <按钮TEXT>btnNextform</按钮TEXT>
    <是否设置快捷键>是</是否设置快捷键>
    <提示信息展示>是</提示信息展示>
    <提示信息内容>End键</提示信息内容>
    <快捷键名称>End</快捷键名称>
    <所属界面>接口审核</所属界面>
    <按钮名称>下一张</按钮名称>
    <控件类型>button</控件类型>
  </Table>
  <Table>
    <按钮TEXT>btnYXCJ</按钮TEXT>
    <是否设置快捷键>是</是否设置快捷键>
    <提示信息展示>是</提示信息展示>
    <提示信息内容>Alt+O键</提示信息内容>
    <快捷键名称>Alt+O</快捷键名称>
    <所属界面>接口审核</所属界面>
    <按钮名称>影像采集</按钮名称>
    <控件类型>button</控件类型>
  </Table>
  
  <Table>
    <按钮TEXT>tspBtnExit</按钮TEXT>
    <是否设置快捷键>是</是否设置快捷键>
    <提示信息展示>是</提示信息展示>
    <提示信息内容>Alt+F4</提示信息内容>
    <快捷键名称>Alt+F4</快捷键名称>
    <所属界面>开户</所属界面>
    <按钮名称>退出</按钮名称>
    <控件类型>function</控件类型>
  </Table>
  <Table>
    <按钮TEXT>tspBtnSeal</按钮TEXT>
    <是否设置快捷键>是</是否设置快捷键>
    <提示信息展示>是</提示信息展示>
    <提示信息内容>Alt+F5</提示信息内容>
    <快捷键名称>Alt+F5</快捷键名称>
    <所属界面>开户</所属界面>
    <按钮名称>印鉴组合</按钮名称>
    <控件类型>function</控件类型>
  </Table>
  <Table>
    <按钮TEXT>btnCreate</按钮TEXT>
    <是否设置快捷键>是</是否设置快捷键>
    <提示信息展示>是</提示信息展示>
    <提示信息内容>Ctrl+N</提示信息内容>
    <快捷键名称>Control+N</快捷键名称>
    <所属界面>开户</所属界面>
    <按钮名称>开户</按钮名称>
    <控件类型>button</控件类型>
  </Table>
  <Table>
    <按钮TEXT>btnChildCreate</按钮TEXT>
    <是否设置快捷键>是</是否设置快捷键>
    <提示信息展示>是</提示信息展示>
    <提示信息内容>Ctrl+B</提示信息内容>
    <快捷键名称>Control+B</快捷键名称>
    <所属界面>开户</所属界面>
    <按钮名称>子账户开户</按钮名称>
    <控件类型>button</控件类型>
  </Table>
  <Table>
    <按钮TEXT>btnSave</按钮TEXT>
    <是否设置快捷键>是</是否设置快捷键>
    <提示信息展示>是</提示信息展示>
    <提示信息内容>Ctrl+S</提示信息内容>
    <快捷键名称>Control+S</快捷键名称>
    <所属界面>开户</所属界面>
    <按钮名称>保存</按钮名称>
    <控件类型>button</控件类型>
  </Table>
  <Table>
    <按钮TEXT>btnModify</按钮TEXT>
    <是否设置快捷键>是</是否设置快捷键>
    <提示信息展示>是</提示信息展示>
    <提示信息内容>Ctrl+M</提示信息内容>
    <快捷键名称>Control+M</快捷键名称>
    <所属界面>开户</所属界面>
    <按钮名称>信息修改</按钮名称>
    <控件类型>button</控件类型>
  </Table>
  <Table>
    <按钮TEXT>btnCancle</按钮TEXT>
    <是否设置快捷键>是</是否设置快捷键>
    <提示信息展示>是</提示信息展示>
    <提示信息内容>Ctrl+Z</提示信息内容>
    <快捷键名称>Control+Z</快捷键名称>
    <所属界面>开户</所属界面>
    <按钮名称>取消</按钮名称>
    <控件类型>button</控件类型>
  </Table>
  <Table>
    <按钮TEXT>tspBtnExit</按钮TEXT>
    <是否设置快捷键>是</是否设置快捷键>
    <提示信息展示>是</提示信息展示>
    <提示信息内容>Alt+F4</提示信息内容>
    <快捷键名称>Alt+F4</快捷键名称>
    <所属界面>印鉴组合</所属界面>
    <按钮名称>退出</按钮名称>
    <控件类型>function</控件类型>
  </Table>
  <Table>
    <按钮TEXT>tspBtnInfo</按钮TEXT>
    <是否设置快捷键>是</是否设置快捷键>
    <提示信息展示>是</提示信息展示>
    <提示信息内容>Alt+F3</提示信息内容>
    <快捷键名称>Alt+F3</快捷键名称>
    <所属界面>印鉴组合</所属界面>
    <按钮名称>账户信息</按钮名称>
    <控件类型>function</控件类型>
  </Table>
  <Table>
    <按钮TEXT>btnnext</按钮TEXT>
    <是否设置快捷键>是</是否设置快捷键>
    <提示信息展示>是</提示信息展示>
    <提示信息内容>→</提示信息内容>
    <快捷键名称>Right</快捷键名称>
    <所属界面>印鉴组合</所属界面>
    <按钮名称>下一个印鉴</按钮名称>
    <控件类型>button</控件类型>
  </Table>
  <Table>
    <按钮TEXT>btnprev</按钮TEXT>
    <是否设置快捷键>是</是否设置快捷键>
    <提示信息展示>是</提示信息展示>
    <提示信息内容>←</提示信息内容>
    <快捷键名称>Left</快捷键名称>
    <所属界面>印鉴组合</所属界面>
    <按钮名称>上一个印鉴</按钮名称>
    <控件类型>button</控件类型>
  </Table>
  <Table>
    <按钮TEXT>btnright</按钮TEXT>
    <是否设置快捷键>是</是否设置快捷键>
    <提示信息展示>是</提示信息展示>
    <提示信息内容>pgdn</提示信息内容>
    <快捷键名称>Next</快捷键名称>
    <所属界面>印鉴组合</所属界面>
    <按钮名称>下一页印鉴</按钮名称>
    <控件类型>button</控件类型>
  </Table>
  <Table>
    <按钮TEXT>btnleft</按钮TEXT>
    <是否设置快捷键>是</是否设置快捷键>
    <提示信息展示>是</提示信息展示>
    <提示信息内容>pgup</提示信息内容>
    <快捷键名称>PageUp</快捷键名称>
    <所属界面>印鉴组合</所属界面>
    <按钮名称>上一页印鉴</按钮名称>
    <控件类型>button</控件类型>
  </Table>
  <Table>
    <按钮TEXT>btnReBuild</按钮TEXT>
    <是否设置快捷键>是</是否设置快捷键>
    <提示信息展示>是</提示信息展示>
    <提示信息内容>Ctrl+G</提示信息内容>
    <快捷键名称>Control+G</快捷键名称>
    <所属界面>印鉴组合</所属界面>
    <按钮名称>重建</按钮名称>
    <控件类型>button</控件类型>
  </Table>
  <Table>
    <按钮TEXT>btnChange</按钮TEXT>
    <是否设置快捷键>是</是否设置快捷键>
    <提示信息展示>是</提示信息展示>
    <提示信息内容>Ctrl+H</提示信息内容>
    <快捷键名称>Control+H</快捷键名称>
    <所属界面>印鉴组合</所属界面>
    <按钮名称>变更</按钮名称>
    <控件类型>button</控件类型>
  </Table>
  <Table>
    <按钮TEXT>btnAllSave</按钮TEXT>
    <是否设置快捷键>是</是否设置快捷键>
    <提示信息展示>是</提示信息展示>
    <提示信息内容>Ctrl+S</提示信息内容>
    <快捷键名称>Control+S</快捷键名称>
    <所属界面>印鉴组合</所属界面>
    <按钮名称>提交</按钮名称>
    <控件类型>button</控件类型>
  </Table>
  <Table>
    <按钮TEXT>btnAllCancle</按钮TEXT>
    <是否设置快捷键>是</是否设置快捷键>
    <提示信息展示>是</提示信息展示>
    <提示信息内容>Ctrl+Z</提示信息内容>
    <快捷键名称>Control+Z</快捷键名称>
    <所属界面>印鉴组合</所属界面>
    <按钮名称>取消</按钮名称>
    <控件类型>button</控件类型>
  </Table>
  <Table>
    <按钮TEXT>btnSave</按钮TEXT>
    <是否设置快捷键>是</是否设置快捷键>
    <提示信息展示>是</提示信息展示>
    <提示信息内容>Ctrl+B</提示信息内容>
    <快捷键名称>Control+B</快捷键名称>
    <所属界面>印鉴组合</所属界面>
    <按钮名称>保存印鉴</按钮名称>
    <控件类型>button</控件类型>
  </Table>
  <Table>
    <按钮TEXT>btnDel</按钮TEXT>
    <是否设置快捷键>是</是否设置快捷键>
    <提示信息展示>是</提示信息展示>
    <提示信息内容>Ctrl+D</提示信息内容>
    <快捷键名称>Control+D</快捷键名称>
    <所属界面>印鉴组合</所属界面>
    <按钮名称>删除印鉴</按钮名称>
    <控件类型>button</控件类型>
  </Table>
  <Table>
    <按钮TEXT>btnModify</按钮TEXT>
    <是否设置快捷键>是</是否设置快捷键>
    <提示信息展示>是</提示信息展示>
    <提示信息内容>Ctrl+M</提示信息内容>
    <快捷键名称>Control+M</快捷键名称>
    <所属界面>印鉴组合</所属界面>
    <按钮名称>修改印鉴</按钮名称>
    <控件类型>button</控件类型>
  </Table>
  <Table>
    <按钮TEXT>btndown</按钮TEXT>
    <是否设置快捷键>是</是否设置快捷键>
    <提示信息展示>是</提示信息展示>
    <提示信息内容>主键盘=</提示信息内容>
    <快捷键名称>Oemplus</快捷键名称>
    <所属界面>印鉴组合</所属界面>
    <按钮名称>下一张</按钮名称>
    <控件类型>button</控件类型>
  </Table>
  <Table>
    <按钮TEXT>btnup</按钮TEXT>
    <是否设置快捷键>是</是否设置快捷键>
    <提示信息展示>是</提示信息展示>
    <提示信息内容>主键盘-</提示信息内容>
    <快捷键名称>OemMinus</快捷键名称>
    <所属界面>印鉴组合</所属界面>
    <按钮名称>上一张</按钮名称>
    <控件类型>button</控件类型>
  </Table>
  <Table>
    <按钮TEXT>btnback</按钮TEXT>
    <是否设置快捷键>是</是否设置快捷键>
    <提示信息展示>是</提示信息展示>
    <提示信息内容>Home</提示信息内容>
    <快捷键名称>Home</快捷键名称>
    <所属界面>印鉴组合</所属界面>
    <按钮名称>回退</按钮名称>
    <控件类型>button</控件类型>
  </Table>
  <Table>
    <按钮TEXT>btnfinish</按钮TEXT>
    <是否设置快捷键>是</是否设置快捷键>
    <提示信息展示>是</提示信息展示>
    <提示信息内容>Ctrl+Enter</提示信息内容>
    <快捷键名称>Control+Return</快捷键名称>
    <所属界面>印鉴组合</所属界面>
    <按钮名称>完成</按钮名称>
    <控件类型>button</控件类型>
  </Table>
  <Table>
    <按钮TEXT>btnOpenFile</按钮TEXT>
    <是否设置快捷键>是</是否设置快捷键>
    <提示信息展示>是</提示信息展示>
    <提示信息内容>Alt+O</提示信息内容>
    <快捷键名称>Alt+O</快捷键名称>
    <所属界面>印鉴组合</所属界面>
    <按钮名称>本地加载</按钮名称>
    <控件类型>button</控件类型>
  </Table>
  <Table>
    <按钮TEXT>btnScan</按钮TEXT>
    <是否设置快捷键>是</是否设置快捷键>
    <提示信息展示>是</提示信息展示>
    <提示信息内容>Alt+P</提示信息内容>
    <快捷键名称>Alt+P</快捷键名称>
    <所属界面>印鉴组合</所属界面>
    <按钮名称>影像采集</按钮名称>
    <控件类型>button</控件类型>
  </Table>
  <Table>
    <按钮TEXT>btnAuto</按钮TEXT>
    <是否设置快捷键>是</是否设置快捷键>
    <提示信息展示>是</提示信息展示>
    <提示信息内容>Alt+Y</提示信息内容>
    <快捷键名称>Alt+Y</快捷键名称>
    <所属界面>印鉴组合</所属界面>
    <按钮名称>自动提章</按钮名称>
    <控件类型>button</控件类型>
  </Table>
  <Table>
    <按钮TEXT>btnSeal</按钮TEXT>
    <是否设置快捷键>是</是否设置快捷键>
    <提示信息展示>是</提示信息展示>
    <提示信息内容>Alt+U</提示信息内容>
    <快捷键名称>Alt+U</快捷键名称>
    <所属界面>印鉴组合</所属界面>
    <按钮名称>提取印章</按钮名称>
    <控件类型>button</控件类型>
  </Table>
  <Table>
    <按钮TEXT>BtnSign</按钮TEXT>
    <是否设置快捷键>是</是否设置快捷键>
    <提示信息展示>是</提示信息展示>
    <提示信息内容>Alt+I</提示信息内容>
    <快捷键名称>Alt+I</快捷键名称>
    <所属界面>印鉴组合</所属界面>
    <按钮名称>提取签字</按钮名称>
    <控件类型>button</控件类型>
  </Table>
  <Table>
    <按钮TEXT>btnDiwen</按钮TEXT>
    <是否设置快捷键>是</是否设置快捷键>
    <提示信息展示>是</提示信息展示>
    <提示信息内容>Alt+Q</提示信息内容>
    <快捷键名称>Alt+Q</快捷键名称>
    <所属界面>印鉴组合</所属界面>
    <按钮名称>底纹</按钮名称>
    <控件类型>button</控件类型>
  </Table>
  <Table>
    <按钮TEXT>btnFazhiAdd</按钮TEXT>
    <是否设置快捷键>是</是否设置快捷键>
    <提示信息展示>是</提示信息展示>
    <提示信息内容>Alt+W</提示信息内容>
    <快捷键名称>Alt+W</快捷键名称>
    <所属界面>印鉴组合</所属界面>
    <按钮名称>增加阀值</按钮名称>
    <控件类型>button</控件类型>
  </Table>
  <Table>
    <按钮TEXT>btnFazhiCut</按钮TEXT>
    <是否设置快捷键>是</是否设置快捷键>
    <提示信息展示>是</提示信息展示>
    <提示信息内容>Alt+R</提示信息内容>
    <快捷键名称>Alt+R</快捷键名称>
    <所属界面>印鉴组合</所属界面>
    <按钮名称>减少阀值</按钮名称>
    <控件类型>button</控件类型>
  </Table>
  <Table>
    <按钮TEXT>btnTurn90</按钮TEXT>
    <是否设置快捷键>是</是否设置快捷键>
    <提示信息展示>是</提示信息展示>
    <提示信息内容>Alt+N</提示信息内容>
    <快捷键名称>Alt+N</快捷键名称>
    <所属界面>印鉴组合</所属界面>
    <按钮名称>旋转90度</按钮名称>
    <控件类型>button</控件类型>
  </Table>
  <Table>
    <按钮TEXT>btnTurn180</按钮TEXT>
    <是否设置快捷键>是</是否设置快捷键>
    <提示信息展示>是</提示信息展示>
    <提示信息内容>Alt+M</提示信息内容>
    <快捷键名称>Alt+M</快捷键名称>
    <所属界面>印鉴组合</所属界面>
    <按钮名称>旋转180度</按钮名称>
    <控件类型>button</控件类型>
  </Table>
  <Table>
    <按钮TEXT>btnEraserCut</按钮TEXT>
    <是否设置快捷键>是</是否设置快捷键>
    <提示信息展示>是</提示信息展示>
    <提示信息内容>Alt+A</提示信息内容>
    <快捷键名称>Alt+A</快捷键名称>
    <所属界面>印鉴组合</所属界面>
    <按钮名称>橡皮－擦除</按钮名称>
    <控件类型>button</控件类型>
  </Table>
  <Table>
    <按钮TEXT>btnEraserReCut</按钮TEXT>
    <是否设置快捷键>是</是否设置快捷键>
    <提示信息展示>是</提示信息展示>
    <提示信息内容>Alt+S</提示信息内容>
    <快捷键名称>Alt+S</快捷键名称>
    <所属界面>印鉴组合</所属界面>
    <按钮名称>橡皮－恢复</按钮名称>
    <控件类型>button</控件类型>
  </Table>
  <Table>
    <按钮TEXT>btnEraserCancel</按钮TEXT>
    <是否设置快捷键>是</是否设置快捷键>
    <提示信息展示>是</提示信息展示>
    <提示信息内容>Alt+D</提示信息内容>
    <快捷键名称>Alt+D</快捷键名称>
    <所属界面>印鉴组合</所属界面>
    <按钮名称>取消橡皮</按钮名称>
    <控件类型>button</控件类型>
  </Table>
  <Table>
    <按钮TEXT>btnEraser1</按钮TEXT>
    <是否设置快捷键>是</是否设置快捷键>
    <提示信息展示>是</提示信息展示>
    <提示信息内容>Alt+主键盘1</提示信息内容>
    <快捷键名称>Alt+D1</快捷键名称>
    <所属界面>印鉴组合</所属界面>
    <按钮名称>橡皮1</按钮名称>
    <控件类型>button</控件类型>
  </Table>
  <Table>
    <按钮TEXT>btnEraser2</按钮TEXT>
    <是否设置快捷键>是</是否设置快捷键>
    <提示信息展示>是</提示信息展示>
    <提示信息内容>Alt+主键盘2</提示信息内容>
    <快捷键名称>Alt+D2</快捷键名称>
    <所属界面>印鉴组合</所属界面>
    <按钮名称>橡皮2</按钮名称>
    <控件类型>button</控件类型>
  </Table>
  <Table>
    <按钮TEXT>btnEraser3</按钮TEXT>
    <是否设置快捷键>是</是否设置快捷键>
    <提示信息展示>是</提示信息展示>
    <提示信息内容>Alt+主键盘3</提示信息内容>
    <快捷键名称>Alt+D3</快捷键名称>
    <所属界面>印鉴组合</所属界面>
    <按钮名称>橡皮3</按钮名称>
    <控件类型>button</控件类型>
  </Table>
  <Table>
    <按钮TEXT>btnEraser4</按钮TEXT>
    <是否设置快捷键>是</是否设置快捷键>
    <提示信息展示>是</提示信息展示>
    <提示信息内容>Alt+主键盘4</提示信息内容>
    <快捷键名称>Alt+D4</快捷键名称>
    <所属界面>印鉴组合</所属界面>
    <按钮名称>橡皮4</按钮名称>
    <控件类型>button</控件类型>
  </Table>
  <Table>
    <按钮TEXT>ToLeft</按钮TEXT>
    <是否设置快捷键>是</是否设置快捷键>
    <提示信息展示>是</提示信息展示>
    <提示信息内容>Shift+A</提示信息内容>
    <快捷键名称>Shift+A</快捷键名称>
    <所属界面>印鉴组合</所属界面>
    <按钮名称>向左移动边框</按钮名称>
    <控件类型>button</控件类型>
  </Table>
  <Table>
    <按钮TEXT>ToRight</按钮TEXT>
    <是否设置快捷键>是</是否设置快捷键>
    <提示信息展示>是</提示信息展示>
    <提示信息内容>Shift+D</提示信息内容>
    <快捷键名称>Shift+D</快捷键名称>
    <所属界面>印鉴组合</所属界面>
    <按钮名称>向右移动边框</按钮名称>
    <控件类型>button</控件类型>
  </Table>
  <Table>
    <按钮TEXT>ToTop</按钮TEXT>
    <是否设置快捷键>是</是否设置快捷键>
    <提示信息展示>是</提示信息展示>
    <提示信息内容>Shift+W</提示信息内容>
    <快捷键名称>Shift+W</快捷键名称>
    <所属界面>印鉴组合</所属界面>
    <按钮名称>向上移动边框</按钮名称>
    <控件类型>button</控件类型>
  </Table>
  <Table>
    <按钮TEXT>ToBottom</按钮TEXT>
    <是否设置快捷键>是</是否设置快捷键>
    <提示信息展示>是</提示信息展示>
    <提示信息内容>Shift+S</提示信息内容>
    <快捷键名称>Shift+S</快捷键名称>
    <所属界面>印鉴组合</所属界面>
    <按钮名称>向下移动边框</按钮名称>
    <控件类型>button</控件类型>
  </Table>
  <Table>
    <按钮TEXT>OneToLeft</按钮TEXT>
    <是否设置快捷键>是</是否设置快捷键>
    <提示信息展示>是</提示信息展示>
    <提示信息内容>Ctrl+←</提示信息内容>
    <快捷键名称>Control+Left</快捷键名称>
    <所属界面>印鉴组合</所属界面>
    <按钮名称>右边框向左缩小</按钮名称>
    <控件类型>button</控件类型>
  </Table>
  <Table>
    <按钮TEXT>OneToRight</按钮TEXT>
    <是否设置快捷键>是</是否设置快捷键>
    <提示信息展示>是</提示信息展示>
    <提示信息内容>Ctrl+→</提示信息内容>
    <快捷键名称>Control+Right</快捷键名称>
    <所属界面>印鉴组合</所属界面>
    <按钮名称>右边框向右扩大</按钮名称>
    <控件类型>button</控件类型>
  </Table>
  <Table>
    <按钮TEXT>OneToTop</按钮TEXT>
    <是否设置快捷键>是</是否设置快捷键>
    <提示信息展示>是</提示信息展示>
    <提示信息内容>Ctrl+↑</提示信息内容>
    <快捷键名称>Control+Up</快捷键名称>
    <所属界面>印鉴组合</所属界面>
    <按钮名称>下边框向上缩小</按钮名称>
    <控件类型>button</控件类型>
  </Table>
  <Table>
    <按钮TEXT>OneToBottom</按钮TEXT>
    <是否设置快捷键>是</是否设置快捷键>
    <提示信息展示>是</提示信息展示>
    <提示信息内容>Ctrl+↓</提示信息内容>
    <快捷键名称>Control+Down</快捷键名称>
    <所属界面>印鉴组合</所属界面>
    <按钮名称>下边框向下扩大</按钮名称>
    <控件类型>button</控件类型>
  </Table>
  <Table>
    <按钮TEXT>TwoHolAdd</按钮TEXT>
    <是否设置快捷键>是</是否设置快捷键>
    <提示信息展示>是</提示信息展示>
    <提示信息内容>Shift+L</提示信息内容>
    <快捷键名称>Shift+L</快捷键名称>
    <所属界面>印鉴组合</所属界面>
    <按钮名称>双边水平扩大</按钮名称>
    <控件类型>button</控件类型>
  </Table>
  <Table>
    <按钮TEXT>TwoHolCut</按钮TEXT>
    <是否设置快捷键>是</是否设置快捷键>
    <提示信息展示>是</提示信息展示>
    <提示信息内容>Shift+J</提示信息内容>
    <快捷键名称>Shift+J</快捷键名称>
    <所属界面>印鉴组合</所属界面>
    <按钮名称>双边水平缩小</按钮名称>
    <控件类型>button</控件类型>
  </Table>
  <Table>
    <按钮TEXT>TwoVelAdd</按钮TEXT>
    <是否设置快捷键>是</是否设置快捷键>
    <提示信息展示>是</提示信息展示>
    <提示信息内容>Shift+K</提示信息内容>
    <快捷键名称>Shift+K</快捷键名称>
    <所属界面>印鉴组合</所属界面>
    <按钮名称>双边垂直扩大</按钮名称>
    <控件类型>button</控件类型>
  </Table>
  <Table>
    <按钮TEXT>TwoVelCut</按钮TEXT>
    <是否设置快捷键>是</是否设置快捷键>
    <提示信息展示>是</提示信息展示>
    <提示信息内容>Shift+I</提示信息内容>
    <快捷键名称>Shift+I</快捷键名称>
    <所属界面>印鉴组合</所属界面>
    <按钮名称>双边垂直缩小</按钮名称>
    <控件类型>button</控件类型>
  </Table>
  <Table>
    <按钮TEXT>btnAddGroup</按钮TEXT>
    <是否设置快捷键>是</是否设置快捷键>
    <提示信息展示>是</提示信息展示>
    <提示信息内容>Ctrl+主键盘0</提示信息内容>
    <快捷键名称>Control+D0</快捷键名称>
    <所属界面>印鉴组合</所属界面>
    <按钮名称>新增组合</按钮名称>
    <控件类型>button</控件类型>
  </Table>
  <Table>
    <按钮TEXT>btnSaveGroup</按钮TEXT>
    <是否设置快捷键>是</是否设置快捷键>
    <提示信息展示>是</提示信息展示>
    <提示信息内容>Ctrl+主键盘1</提示信息内容>
    <快捷键名称>Control+D1</快捷键名称>
    <所属界面>印鉴组合</所属界面>
    <按钮名称>保存组合</按钮名称>
    <控件类型>button</控件类型>
  </Table>
  <Table>
    <按钮TEXT>tbnDelGroup</按钮TEXT>
    <是否设置快捷键>是</是否设置快捷键>
    <提示信息展示>是</提示信息展示>
    <提示信息内容>Ctrl+主键盘2</提示信息内容>
    <快捷键名称>Control+D2</快捷键名称>
    <所属界面>印鉴组合</所属界面>
    <按钮名称>删除组合</按钮名称>
    <控件类型>button</控件类型>
  </Table>
  <Table>
    <按钮TEXT>btnKLeft</按钮TEXT>
    <是否设置快捷键>是</是否设置快捷键>
    <提示信息展示>是</提示信息展示>
    <提示信息内容>Ctrl+主键盘3</提示信息内容>
    <快捷键名称>Control+D3</快捷键名称>
    <所属界面>印鉴组合</所属界面>
    <按钮名称>左括号</按钮名称>
    <控件类型>button</控件类型>
  </Table>
  <Table>
    <按钮TEXT>btnKRight</按钮TEXT>
    <是否设置快捷键>是</是否设置快捷键>
    <提示信息展示>是</提示信息展示>
    <提示信息内容>Ctrl+主键盘4</提示信息内容>
    <快捷键名称>Control+D4</快捷键名称>
    <所属界面>印鉴组合</所属界面>
    <按钮名称>右括号</按钮名称>
    <控件类型>button</控件类型>
  </Table>
  <Table>
    <按钮TEXT>btnAnd</按钮TEXT>
    <是否设置快捷键>是</是否设置快捷键>
    <提示信息展示>是</提示信息展示>
    <提示信息内容>Ctrl+主键盘5</提示信息内容>
    <快捷键名称>Control+D5</快捷键名称>
    <所属界面>印鉴组合</所属界面>
    <按钮名称>并且</按钮名称>
    <控件类型>button</控件类型>
  </Table>
  <Table>
    <按钮TEXT>btnClear</按钮TEXT>
    <是否设置快捷键>是</是否设置快捷键>
    <提示信息展示>是</提示信息展示>
    <提示信息内容>Ctrl+主键盘6</提示信息内容>
    <快捷键名称>Control+D6</快捷键名称>
    <所属界面>印鉴组合</所属界面>
    <按钮名称>清除</按钮名称>
    <控件类型>button</控件类型>
  </Table>
  <Table>
    <按钮TEXT>btnGoBack</按钮TEXT>
    <是否设置快捷键>是</是否设置快捷键>
    <提示信息展示>是</提示信息展示>
    <提示信息内容>Ctrl+主键盘7</提示信息内容>
    <快捷键名称>Control+D7</快捷键名称>
    <所属界面>印鉴组合</所属界面>
    <按钮名称>回退</按钮名称>
    <控件类型>button</控件类型>
  </Table>
  <Table>
    <按钮TEXT>btnOr</按钮TEXT>
    <是否设置快捷键>是</是否设置快捷键>
    <提示信息展示>是</提示信息展示>
    <提示信息内容>Ctrl+主键盘8</提示信息内容>
    <快捷键名称>Control+D8</快捷键名称>
    <所属界面>印鉴组合</所属界面>
    <按钮名称>或者</按钮名称>
    <控件类型>button</控件类型>
  </Table>
  <Table>
    <按钮TEXT>btnCancle</按钮TEXT>
    <是否设置快捷键>是</是否设置快捷键>
    <提示信息展示>是</提示信息展示>
    <提示信息内容>Ctrl+主键盘9</提示信息内容>
    <快捷键名称>Control+D9</快捷键名称>
    <所属界面>印鉴组合</所属界面>
    <按钮名称>取消</按钮名称>
    <控件类型>button</控件类型>
  </Table>
  <Table>
    <按钮TEXT>tspBtnScanSelect</按钮TEXT>
    <是否设置快捷键>是</是否设置快捷键>
    <提示信息展示>是</提示信息展示>
    <提示信息内容>Ctrl+L</提示信息内容>
    <快捷键名称>Control+L</快捷键名称>
    <所属界面>账户审核</所属界面>
    <按钮名称>设备选择</按钮名称>
    <控件类型>button</控件类型>
  </Table>
   <Table>
    <按钮TEXT>tspBtnScan</按钮TEXT>
    <是否设置快捷键>是</是否设置快捷键>
    <提示信息展示>是</提示信息展示>
    <提示信息内容>Ctrl+P</提示信息内容>
    <快捷键名称>Control+P</快捷键名称>
    <所属界面>账户审核</所属界面>
    <按钮名称>影像采集</按钮名称>
    <控件类型>button</控件类型>
  </Table>
  <Table>
    <按钮TEXT>tspBtnOpenFile</按钮TEXT>
    <是否设置快捷键>是</是否设置快捷键>
    <提示信息展示>是</提示信息展示>
    <提示信息内容>Ctrl+O</提示信息内容>
    <快捷键名称>Control+O</快捷键名称>
    <所属界面>账户审核</所属界面>
    <按钮名称>本地影像</按钮名称>
    <控件类型>button</控件类型>
  </Table>
  <Table>
    <按钮TEXT>tspBtnSingleCheck</按钮TEXT>
    <是否设置快捷键>是</是否设置快捷键>
    <提示信息展示>是</提示信息展示>
    <提示信息内容>F2</提示信息内容>
    <快捷键名称>F2</快捷键名称>
    <所属界面>账户审核</所属界面>
    <按钮名称>验印</按钮名称>
    <控件类型>button</控件类型>
  </Table>
  <Table>
    <按钮TEXT>tspBtnPass</按钮TEXT>
    <是否设置快捷键>是</是否设置快捷键>
    <提示信息展示>是</提示信息展示>
    <提示信息内容>小键盘+</提示信息内容>
    <快捷键名称>Add</快捷键名称>
    <所属界面>账户审核</所属界面>
    <按钮名称>人工通过</按钮名称>
    <控件类型>button</控件类型>
  </Table>
  <Table>
    <按钮TEXT>tspBtnNotPass</按钮TEXT>
    <是否设置快捷键>是</是否设置快捷键>
    <提示信息展示>是</提示信息展示>
    <提示信息内容>小键盘-</提示信息内容>
    <快捷键名称>Subtract</快捷键名称>
    <所属界面>账户审核</所属界面>
    <按钮名称>人工不通过</按钮名称>
    <控件类型>button</控件类型>
  </Table>
  <Table>
    <按钮TEXT>tspBtnGroupInfo</按钮TEXT>
    <是否设置快捷键>是</是否设置快捷键>
    <提示信息展示>是</提示信息展示>
    <提示信息内容>F7</提示信息内容>
    <快捷键名称>F7</快捷键名称>
    <所属界面>账户审核</所属界面>
    <按钮名称>组合信息</按钮名称>
    <控件类型>button</控件类型>
  </Table>
  <Table>
    <按钮TEXT>tspBtnSubmit</按钮TEXT>
    <是否设置快捷键>是</是否设置快捷键>
    <提示信息展示>是</提示信息展示>
    <提示信息内容>F5</提示信息内容>
    <快捷键名称>F5</快捷键名称>
    <所属界面>账户审核</所属界面>
    <按钮名称>提交</按钮名称>
    <控件类型>button</控件类型>
  </Table>
  <Table>
    <按钮TEXT>tspBtnAccountInfo</按钮TEXT>
    <是否设置快捷键>是</是否设置快捷键>
    <提示信息展示>是</提示信息展示>
    <提示信息内容>F6</提示信息内容>
    <快捷键名称>F6</快捷键名称>
    <所属界面>账户审核</所属界面>
    <按钮名称>账户信息</按钮名称>
    <控件类型>button</控件类型>
  </Table>
  <Table>
    <按钮TEXT>tspBtnBack</按钮TEXT>
    <是否设置快捷键>是</是否设置快捷键>
    <提示信息展示>是</提示信息展示>
    <提示信息内容>Shift+回车</提示信息内容>
    <快捷键名称>Shift+Return</快捷键名称>
    <所属界面>账户审核</所属界面>
    <按钮名称>上一步</按钮名称>
    <控件类型>button</控件类型>
  </Table>
  <Table>
    <按钮TEXT>tspBtnAdvance</按钮TEXT>
    <是否设置快捷键>是</是否设置快捷键>
    <提示信息展示>是</提示信息展示>
    <提示信息内容>Ctrl+回车</提示信息内容>
    <快捷键名称>Control+Return</快捷键名称>
    <所属界面>账户审核</所属界面>
    <按钮名称>下一步</按钮名称>
    <控件类型>button</控件类型>
  </Table>
  <Table>
    <按钮TEXT>tspBtnExit</按钮TEXT>
    <是否设置快捷键>是</是否设置快捷键>
    <提示信息展示>是</提示信息展示>
    <提示信息内容>Alt+F4</提示信息内容>
    <快捷键名称>Alt+F4</快捷键名称>
    <所属界面>账户审核</所属界面>
    <按钮名称>退出</按钮名称>
    <控件类型>button</控件类型>
  </Table>
  <Table>
    <按钮TEXT>BtnAll</按钮TEXT>
    <是否设置快捷键>是</是否设置快捷键>
    <提示信息展示>是</提示信息展示>
    <提示信息内容>小键盘0</提示信息内容>
    <快捷键名称>NumPad0</快捷键名称>
    <所属界面>账户审核</所属界面>
    <按钮名称>一键辅助</按钮名称>
    <控件类型>button</控件类型>
  </Table>
  <Table>
    <按钮TEXT>BtnThreeColor</按钮TEXT>
    <是否设置快捷键>是</是否设置快捷键>
    <提示信息展示>是</提示信息展示>
    <提示信息内容>小键盘1</提示信息内容>
    <快捷键名称>NumPad1</快捷键名称>
    <所属界面>账户审核</所属界面>
    <按钮名称>三色</按钮名称>
    <控件类型>button</控件类型>
  </Table>
  <Table>
    <按钮TEXT>BtnLouKong</按钮TEXT>
    <是否设置快捷键>是</是否设置快捷键>
    <提示信息展示>是</提示信息展示>
    <提示信息内容>小键盘2</提示信息内容>
    <快捷键名称>NumPad2</快捷键名称>
    <所属界面>账户审核</所属界面>
    <按钮名称>镂空</按钮名称>
    <控件类型>button</控件类型>
  </Table>
  <Table>
    <按钮TEXT>BtnCorner</按钮TEXT>
    <是否设置快捷键>是</是否设置快捷键>
    <提示信息展示>是</提示信息展示>
    <提示信息内容>小键盘3</提示信息内容>
    <快捷键名称>NumPad3</快捷键名称>
    <所属界面>账户审核</所属界面>
    <按钮名称>折角</按钮名称>
    <控件类型>button</控件类型>
  </Table>
    <Table>
    <按钮TEXT>BtnLean</按钮TEXT>
    <是否设置快捷键>是</是否设置快捷键>
    <提示信息展示>是</提示信息展示>
    <提示信息内容>小键盘4</提示信息内容>
    <快捷键名称>NumPad4</快捷键名称>
    <所属界面>账户审核</所属界面>
    <按钮名称>斜线</按钮名称>
    <控件类型>button</控件类型>
  </Table>
  <Table>
    <按钮TEXT>BtnEightAngle</按钮TEXT>
    <是否设置快捷键>是</是否设置快捷键>
    <提示信息展示>是</提示信息展示>
    <提示信息内容>小键盘5</提示信息内容>
    <快捷键名称>NumPad5</快捷键名称>
    <所属界面>账户审核</所属界面>
    <按钮名称>八角</按钮名称>
    <控件类型>button</控件类型>
  </Table>
  <Table>
    <按钮TEXT>BtnLine</按钮TEXT>
    <是否设置快捷键>是</是否设置快捷键>
    <提示信息展示>是</提示信息展示>
    <提示信息内容>小键盘6</提示信息内容>
    <快捷键名称>NumPad6</快捷键名称>
    <所属界面>账户审核</所属界面>
    <按钮名称>折线</按钮名称>
    <控件类型>button</控件类型>
  </Table>
  <Table>
    <按钮TEXT>BtnHalf</按钮TEXT>
    <是否设置快捷键>是</是否设置快捷键>
    <提示信息展示>是</提示信息展示>
    <提示信息内容>小键盘7</提示信息内容>
    <快捷键名称>NumPad7</快捷键名称>
    <所属界面>账户审核</所属界面>
    <按钮名称>折半</按钮名称>
    <控件类型>button</控件类型>
  </Table>
  <Table>
    <按钮TEXT>BtnShake</按钮TEXT>
    <是否设置快捷键>是</是否设置快捷键>
    <提示信息展示>是</提示信息展示>
    <提示信息内容>小键盘8</提示信息内容>
    <快捷键名称>NumPad8</快捷键名称>
    <所属界面>账户审核</所属界面>
    <按钮名称>抖动</按钮名称>
    <控件类型>button</控件类型>
  </Table>
  <Table>
    <按钮TEXT>BtnSmall</按钮TEXT>
    <是否设置快捷键>是</是否设置快捷键>
    <提示信息展示>是</提示信息展示>
    <提示信息内容>小键盘9</提示信息内容>
    <快捷键名称>NumPad9</快捷键名称>
    <所属界面>账户审核</所属界面>
    <按钮名称>小码比对</按钮名称>
    <控件类型>button</控件类型>
  </Table>
      <Table>
    <按钮TEXT>btnnext</按钮TEXT>
    <是否设置快捷键>是</是否设置快捷键>
    <提示信息展示>是</提示信息展示>
    <提示信息内容>→</提示信息内容>
    <快捷键名称>Right</快捷键名称>
    <所属界面>账户审核</所属界面>
    <按钮名称>下一个印鉴</按钮名称>
    <控件类型>button</控件类型>
  </Table>
  <Table>
    <按钮TEXT>btnprev</按钮TEXT>
    <是否设置快捷键>是</是否设置快捷键>
    <提示信息展示>是</提示信息展示>
    <提示信息内容>←</提示信息内容>
    <快捷键名称>Left</快捷键名称>
    <所属界面>账户审核</所属界面>
    <按钮名称>上一个印鉴</按钮名称>
    <控件类型>button</控件类型>
  </Table>
  <Table>
    <按钮TEXT>btnright</按钮TEXT>
    <是否设置快捷键>是</是否设置快捷键>
    <提示信息展示>是</提示信息展示>
    <提示信息内容>pgdn</提示信息内容>
    <快捷键名称>Next</快捷键名称>
    <所属界面>账户审核</所属界面>
    <按钮名称>下一页印鉴</按钮名称>
    <控件类型>button</控件类型>
  </Table>
  <Table>
    <按钮TEXT>btnleft</按钮TEXT>
    <是否设置快捷键>是</是否设置快捷键>
    <提示信息展示>是</提示信息展示>
    <提示信息内容>pgup</提示信息内容>
    <快捷键名称>PageUp</快捷键名称>
    <所属界面>账户审核</所属界面>
    <按钮名称>上一页印鉴</按钮名称>
    <控件类型>button</控件类型>
  </Table>
        <Table>
    <按钮TEXT>tspBtnSealHelp</按钮TEXT>
    <是否设置快捷键>是</是否设置快捷键>
    <提示信息展示>是</提示信息展示>
    <提示信息内容>F8</提示信息内容>
    <快捷键名称>F8</快捷键名称>
    <所属界面>账户审核</所属界面>
    <按钮名称>印鉴说明</按钮名称>
    <控件类型>button</控件类型>
  </Table>
  <Table>
    <按钮TEXT>tspBtnScanSelect</按钮TEXT>
    <是否设置快捷键>是</是否设置快捷键>
    <提示信息展示>是</提示信息展示>
    <提示信息内容>Ctrl+L</提示信息内容>
    <快捷键名称>Control+L</快捷键名称>
    <所属界面>前台验印</所属界面>
    <按钮名称>设备选择</按钮名称>
    <控件类型>button</控件类型>
  </Table>
  <Table>
    <按钮TEXT>tspBtnScan</按钮TEXT>
    <是否设置快捷键>是</是否设置快捷键>
    <提示信息展示>是</提示信息展示>
    <提示信息内容>Ctrl+P</提示信息内容>
    <快捷键名称>Control+P</快捷键名称>
    <所属界面>前台验印</所属界面>
    <按钮名称>影像采集</按钮名称>
    <控件类型>button</控件类型>
  </Table>
  <Table>
    <按钮TEXT>tspBtnOpenFile</按钮TEXT>
    <是否设置快捷键>是</是否设置快捷键>
    <提示信息展示>是</提示信息展示>
    <提示信息内容>Ctrl+O</提示信息内容>
    <快捷键名称>Control+O</快捷键名称>
    <所属界面>前台验印</所属界面>
    <按钮名称>本地影像</按钮名称>
    <控件类型>button</控件类型>
  </Table>

    <Table>
    <按钮TEXT>tsbtnHandleCheck</按钮TEXT>
    <是否设置快捷键>是</是否设置快捷键>
    <提示信息展示>是</提示信息展示>
    <提示信息内容>F2</提示信息内容>
    <快捷键名称>F2</快捷键名称>
    <所属界面>前台验印</所属界面>
    <按钮名称>验印</按钮名称>
    <控件类型>button</控件类型>
  </Table>
  <Table>
    <按钮TEXT>tspBtnPass</按钮TEXT>
    <是否设置快捷键>是</是否设置快捷键>
    <提示信息展示>是</提示信息展示>
    <提示信息内容>小键盘+</提示信息内容>
    <快捷键名称>Add</快捷键名称>
    <所属界面>前台验印</所属界面>
    <按钮名称>人工通过</按钮名称>
    <控件类型>button</控件类型>
  </Table>
  <Table>
    <按钮TEXT>tspBtnNotPass</按钮TEXT>
    <是否设置快捷键>是</是否设置快捷键>
    <提示信息展示>是</提示信息展示>
    <提示信息内容>小键盘-</提示信息内容>
    <快捷键名称>Subtract</快捷键名称>
    <所属界面>前台验印</所属界面>
    <按钮名称>人工不通过</按钮名称>
    <控件类型>button</控件类型>
  </Table>
  <Table>
    <按钮TEXT>tspBtnCheckHand</按钮TEXT>
    <是否设置快捷键>是</是否设置快捷键>
    <提示信息展示>是</提示信息展示>
    <提示信息内容>F5</提示信息内容>
    <快捷键名称>F5</快捷键名称>
    <所属界面>前台验印</所属界面>
    <按钮名称>验印提交</按钮名称>
    <控件类型>button</控件类型>
  </Table>
  <Table>
    <按钮TEXT>tspBnPrintPage</按钮TEXT>
    <是否设置快捷键>是</是否设置快捷键>
    <提示信息展示>是</提示信息展示>
    <提示信息内容>Ctrl+P</提示信息内容>
    <快捷键名称>Control+P</快捷键名称>
    <所属界面>前台验印</所属界面>
    <按钮名称>打印</按钮名称>
    <控件类型>button</控件类型>
  </Table>
  <Table>
    <按钮TEXT>tspBtnBillInfo</按钮TEXT>
    <是否设置快捷键>是</是否设置快捷键>
    <提示信息展示>是</提示信息展示>
    <提示信息内容>F7</提示信息内容>
    <快捷键名称>F7</快捷键名称>
    <所属界面>前台验印</所属界面>
    <按钮名称>凭证信息</按钮名称>
    <控件类型>button</控件类型>
  </Table>
  <Table>
    <按钮TEXT>tspBtnAccountInfo</按钮TEXT>
    <是否设置快捷键>是</是否设置快捷键>
    <提示信息展示>是</提示信息展示>
    <提示信息内容>F6</提示信息内容>
    <快捷键名称>F6</快捷键名称>
    <所属界面>前台验印</所属界面>
    <按钮名称>账户信息</按钮名称>
    <控件类型>button</控件类型>
  </Table>
  <Table>
    <按钮TEXT>tspBtnBack</按钮TEXT>
    <是否设置快捷键>是</是否设置快捷键>
    <提示信息展示>是</提示信息展示>
    <提示信息内容>Shift+回车</提示信息内容>
    <快捷键名称>Shift+Return</快捷键名称>
    <所属界面>前台验印</所属界面>
    <按钮名称>上一步</按钮名称>
    <控件类型>button</控件类型>
  </Table>
  <Table>
    <按钮TEXT>tspBtnAdvance</按钮TEXT>
    <是否设置快捷键>是</是否设置快捷键>
    <提示信息展示>是</提示信息展示>
    <提示信息内容>Ctrl+回车</提示信息内容>
    <快捷键名称>Control+Return</快捷键名称>
    <所属界面>前台验印</所属界面>
    <按钮名称>下一步</按钮名称>
    <控件类型>button</控件类型>
  </Table>
  <Table>
    <按钮TEXT>tspBtnExit</按钮TEXT>
    <是否设置快捷键>是</是否设置快捷键>
    <提示信息展示>是</提示信息展示>
    <提示信息内容>Alt+F4</提示信息内容>
    <快捷键名称>Alt+F4</快捷键名称>
    <所属界面>前台验印</所属界面>
    <按钮名称>退出</按钮名称>
    <控件类型>button</控件类型>
  </Table>
  <Table>
    <按钮TEXT>BtnAll</按钮TEXT>
    <是否设置快捷键>是</是否设置快捷键>
    <提示信息展示>是</提示信息展示>
    <提示信息内容>小键盘0</提示信息内容>
    <快捷键名称>NumPad0</快捷键名称>
    <所属界面>前台验印</所属界面>
    <按钮名称>一键辅助</按钮名称>
    <控件类型>button</控件类型>
  </Table>
  <Table>
    <按钮TEXT>BtnThreeColor</按钮TEXT>
    <是否设置快捷键>是</是否设置快捷键>
    <提示信息展示>是</提示信息展示>
    <提示信息内容>小键盘1</提示信息内容>
    <快捷键名称>NumPad1</快捷键名称>
    <所属界面>前台验印</所属界面>
    <按钮名称>三色</按钮名称>
    <控件类型>button</控件类型>
  </Table>
  <Table>
    <按钮TEXT>BtnLouKong</按钮TEXT>
    <是否设置快捷键>是</是否设置快捷键>
    <提示信息展示>是</提示信息展示>
    <提示信息内容>小键盘2</提示信息内容>
    <快捷键名称>NumPad2</快捷键名称>
    <所属界面>前台验印</所属界面>
    <按钮名称>镂空</按钮名称>
    <控件类型>button</控件类型>
  </Table>
  <Table>
    <按钮TEXT>BtnCorner</按钮TEXT>
    <是否设置快捷键>是</是否设置快捷键>
    <提示信息展示>是</提示信息展示>
    <提示信息内容>小键盘3</提示信息内容>
    <快捷键名称>NumPad3</快捷键名称>
    <所属界面>前台验印</所属界面>
    <按钮名称>折角</按钮名称>
    <控件类型>button</控件类型>
  </Table>
    <Table>
    <按钮TEXT>BtnLean</按钮TEXT>
    <是否设置快捷键>是</是否设置快捷键>
    <提示信息展示>是</提示信息展示>
    <提示信息内容>小键盘4</提示信息内容>
    <快捷键名称>NumPad4</快捷键名称>
    <所属界面>前台验印</所属界面>
    <按钮名称>斜线</按钮名称>
    <控件类型>button</控件类型>
  </Table>
  <Table>
    <按钮TEXT>BtnEightAngle</按钮TEXT>
    <是否设置快捷键>是</是否设置快捷键>
    <提示信息展示>是</提示信息展示>
    <提示信息内容>小键盘5</提示信息内容>
    <快捷键名称>NumPad5</快捷键名称>
    <所属界面>前台验印</所属界面>
    <按钮名称>八角</按钮名称>
    <控件类型>button</控件类型>
  </Table>
  <Table>
    <按钮TEXT>BtnLine</按钮TEXT>
    <是否设置快捷键>是</是否设置快捷键>
    <提示信息展示>是</提示信息展示>
    <提示信息内容>小键盘6</提示信息内容>
    <快捷键名称>NumPad6</快捷键名称>
    <所属界面>前台验印</所属界面>
    <按钮名称>折线</按钮名称>
    <控件类型>button</控件类型>
  </Table>
  <Table>
    <按钮TEXT>BtnHalf</按钮TEXT>
    <是否设置快捷键>是</是否设置快捷键>
    <提示信息展示>是</提示信息展示>
    <提示信息内容>小键盘7</提示信息内容>
    <快捷键名称>NumPad7</快捷键名称>
    <所属界面>前台验印</所属界面>
    <按钮名称>折半</按钮名称>
    <控件类型>button</控件类型>
  </Table>
  <Table>
    <按钮TEXT>BtnShake</按钮TEXT>
    <是否设置快捷键>是</是否设置快捷键>
    <提示信息展示>是</提示信息展示>
    <提示信息内容>小键盘8</提示信息内容>
    <快捷键名称>NumPad8</快捷键名称>
    <所属界面>前台验印</所属界面>
    <按钮名称>抖动</按钮名称>
    <控件类型>button</控件类型>
  </Table>
  <Table>
    <按钮TEXT>BtnSmall</按钮TEXT>
    <是否设置快捷键>是</是否设置快捷键>
    <提示信息展示>是</提示信息展示>
    <提示信息内容>小键盘9</提示信息内容>
    <快捷键名称>NumPad9</快捷键名称>
    <所属界面>前台验印</所属界面>
    <按钮名称>小码比对</按钮名称>
    <控件类型>button</控件类型>
  </Table>
    <Table>
    <按钮TEXT>btnnext</按钮TEXT>
    <是否设置快捷键>是</是否设置快捷键>
    <提示信息展示>是</提示信息展示>
    <提示信息内容>→</提示信息内容>
    <快捷键名称>Right</快捷键名称>
    <所属界面>前台验印</所属界面>
    <按钮名称>下一个印鉴</按钮名称>
    <控件类型>button</控件类型>
  </Table>
  <Table>
    <按钮TEXT>btnprev</按钮TEXT>
    <是否设置快捷键>是</是否设置快捷键>
    <提示信息展示>是</提示信息展示>
    <提示信息内容>←</提示信息内容>
    <快捷键名称>Left</快捷键名称>
    <所属界面>前台验印</所属界面>
    <按钮名称>上一个印鉴</按钮名称>
    <控件类型>button</控件类型>
  </Table>
  <Table>
    <按钮TEXT>btnright</按钮TEXT>
    <是否设置快捷键>是</是否设置快捷键>
    <提示信息展示>是</提示信息展示>
    <提示信息内容>pgdn</提示信息内容>
    <快捷键名称>Next</快捷键名称>
    <所属界面>前台验印</所属界面>
    <按钮名称>下一页印鉴</按钮名称>
    <控件类型>button</控件类型>
  </Table>
  <Table>
    <按钮TEXT>btnleft</按钮TEXT>
    <是否设置快捷键>是</是否设置快捷键>
    <提示信息展示>是</提示信息展示>
    <提示信息内容>pgup</提示信息内容>
    <快捷键名称>PageUp</快捷键名称>
    <所属界面>前台验印</所属界面>
    <按钮名称>上一页印鉴</按钮名称>
    <控件类型>button</控件类型>
  </Table>
    <Table>
    <按钮TEXT>tspBtnSealHelp</按钮TEXT>
    <是否设置快捷键>是</是否设置快捷键>
    <提示信息展示>是</提示信息展示>
    <提示信息内容>F8</提示信息内容>
    <快捷键名称>F8</快捷键名称>
    <所属界面>前台验印</所属界面>
    <按钮名称>印鉴说明</按钮名称>
    <控件类型>button</控件类型>
  </Table>
</NewDataSet>
