﻿<?xml version="1.0" encoding="utf-8" ?>
<Model Type="ProL">
    <MD Type="ProL">
      <add key="zhangh" value=""/>
      <add key="kehh" value=""/>
      <add key="hum" value=""/>
      <add key="jigh" value=""/>
      <add key="diz" value=""/>
      <add key="youzbm" value=""/>
      <add key="lianxr" value=""/>
      <add key="dianh" value=""/>
      <add key="jiesywsqr" value=""/>
      <add key="jiesywsqrdh" value=""/>
      <add key="kaihrq" value=""/>
      <add key="tongctd" value=""/>
      <add key="huobh" value=""/>
      <add key="zhanghshzt" value=""/>
      <add key="yinjshzt" value=""/>
      <add key="zuhshzt" value=""/>
      <add key="zhanghzt" value=""/>
      <add key="zhanghxz" value=""/>
      <add key="yanyjb" value=""/>
      <add key="yanyjg" value=""/>
      <add key="beiz" value=""/>
      <add key="zhuzh" value=""/>
      <add key="fuyrq" value=""/>
      <add key="quxfyrq" value=""/>
      <add key="jiankbs" value="0"/>
      <add key="tingyrq" value=""/>
      <add key="ysqiyrq" value=""/>
      <add key="qiyrq" value="" />
      <add key="youwyj" value="" />
      <add key="youwzh" value="" />
    </MD>
</Model>