﻿<?xml version="1.0" standalone="yes"?>
<Trans>
  <!--需要把& 转义为&amp;-->
  <!--江西 接口嵌入专用-->
 
  <!-- 账户管理模块-->
  <!-- 保存信息-->
  <TranID>
    <ID>JSaveAllAccountInfo</ID>
    <Result>{"funcid":"JSaveAllAccountInfo","traderesponse":[],"errcode":"0000","errinfo":"","resmsg":""}</Result>
  </TranID>
 

  <!-- 账户审核模块-->
  <!-- 提交审核信息-->
  <TranID>
    <ID>JSaveInfoCheckInfo</ID>
    <Result>{"funcid":"JSaveInfoCheckInfo","traderesponse":[],"errcode":"0000","errinfo":"","resmsg":""}</Result>
  </TranID>
  
</Trans>