<?xml version="1.0"?>

<!-- these are the digester rules used to instantiate and configure
     an org.andromda.core.mapping.Mappings instance using Apache's Digester -->
<digester-rules>

    <pattern value="dbelements">

        <object-create-rule
              classname="com.unitop.bank.DatabaseSet" />

         <pattern value="dbelement">

            <object-create-rule
                classname="com.unitop.bean.DbElementAttribute" />
            
            <set-properties-rule>
                <alias attr-name="name" prop-name="name" />
            </set-properties-rule>
            
            <set-properties-rule>
                <alias attr-name="value" prop-name="value" />
            </set-properties-rule>

            <set-next-rule methodname="addDbElement" />

        </pattern>

    </pattern>

</digester-rules>