<?xml version="1.0"?>
<digester-rules>
	<pattern value="function">
		<object-create-rule classname="com.unitop.bank.UniQuery" />
		<pattern value="funcID">
			<call-method-rule methodname="setFuncID" paramcount="1" />
			<call-param-rule paramnumber="0" />
		</pattern>
		<pattern value="parameters/parameter">
			<object-create-rule classname="com.unitop.bank.Parameter" />
			<pattern value="name">
				<call-method-rule methodname="setName" paramcount="1" />
				<call-param-rule paramnumber="0" />
			</pattern>
			<pattern value="value">
				<call-method-rule methodname="setValue" paramcount="1" />
				<call-param-rule paramnumber="0" />
			</pattern>
			<set-next-rule methodname="addParameter" />
		</pattern>
	</pattern>
</digester-rules>