<?xml version="1.0" encoding="utf-8"?>
<!DOCTYPE hibernate-mapping PUBLIC "-//Hibernate/Hibernate Mapping DTD 3.0//EN"
"http://hibernate.sourceforge.net/hibernate-mapping-3.0.dtd">
<!-- 
    Mapping file autogenerated by MyEclipse Persistence Tools
-->
<hibernate-mapping>
    <class name="com.unitop.sysmgr.bo.Chout" table="CHOUT" >
        <composite-id name="choutid" class="com.unitop.sysmgr.bo.ChoutId">
            <key-property name="kagid" type="java.lang.String">
                <column name="KAGID" length="20" />
            </key-property>
            <key-property name="ceng" type="java.lang.String">
                <column name="CENG" length="10" />
            </key-property>
             <key-property name="choutwz" type="java.lang.String">
                <column name="CHOUTWZ" length="10" />
            </key-property>
        </composite-id>
        <property name="shengykj" type="integer">
            <column name="SHENGYKJ" length="10" />
        </property>
        <property name="zongkj" type="integer">
            <column name="ZONGKJ" length="10" />
        </property>
        <property name="shiykj" type="integer">
            <column name="SHIYKJ" length="10" />
        </property>
        <property name="jigh" type="java.lang.String">
            <column name="JIGH" length="20" />
        </property>    
         <property name="choutzt" type="java.lang.String">
            <column name="choutzt" length="20" />
        </property>    
    </class>
</hibernate-mapping>
