<?xml version="1.0" encoding="UTF-8"?>
<!DOCTYPE hibernate-mapping PUBLIC 
    "-//Hibernate/Hibernate Mapping DTD 3.0//EN"
    "http://hibernate.sourceforge.net/hibernate-mapping-3.0.dtd">
<hibernate-mapping>
	<class name="com.unitop.sysmgr.bo.sys.Ci_yewxt" table="ci_yewxt">
		<id name="xitbs" type="string" column="xitbs" length="5">
		<generator class="assigned">
		</generator>
		</id>
		<property name="xitmc" type="string" column="xitmc" length="100"/>
		<property name="yanzxx" type="string" column="yanzxx" length="32"/>
	</class>
</hibernate-mapping>
