<?xml version="1.0"?>
<!DOCTYPE hibernate-mapping PUBLIC 
    "-//Hibernate/Hibernate Mapping DTD 3.0//EN"
    "http://hibernate.sourceforge.net/hibernate-mapping-3.0.dtd">
<hibernate-mapping>
	<class name="com.unitop.sysmgr.bo.Danzrz" table="sealchecklog">
		<composite-id name="id" class="com.unitop.sysmgr.bo.DanzrzId">
            <key-property name="account" type="string">
                <column name="account" length="30" />
            </key-property>
            <key-property name="checknum" type="string">
                <column name="checknum" length="20" />
            </key-property>
             <key-property name="sealinktype" type="string">
                <column name="sealinktype" length="20" />
            </key-property>
             <key-property name="sealinknum" type="string">
                <column name="sealinknum" length="10" />
            </key-property>
            <key-property name="checkdate" type="string">
                <column name="checkdate" length="10" />
            </key-property>
            <key-property name="checktime" type="string">
                <column name="checktime" length="10" />
            </key-property>
        </composite-id>
		<property name="ip" type="string" column="ip" length="15" />
		<property name="clerknum" type="string" column="clerknum" length="15" />
		<property name="qiyrq" type="string" column="qiyrq" length="10" />
		<property name="clerkname" type="string" column="clerkname" length="20" />
		<property name="checkresult" type="string" column="checkresult" length="10" />
		<property name="checkmode" type="string" column="checkmode" length="10" />
		<property name="yanybj" type="string" column="yanybj" length="1" />
		<property name="clerkorgcode" type="string" column="clerkorgcode" length="20" />
		<property name="yanyzh" type="string" column="YANYZH" length="30" />
		<property name="yanypcrq" type="string" column="YINJPCRQ" length="10" />
		<property name="hengxzb" type="int" column="HENXZB" length="4" />
		<property name="shuxzb" type="int" column="SHUXZB" length="4" />
		<property name="yinzjd" type="int" column="YINZJD" length="4" />
		<property name="yanyjb" type="int" column="YANYJB" length="4" />
		<property name="pingzbsm" type="string" column="PINGZBSM" length="10" />
	</class>
</hibernate-mapping>