<?xml version="1.0" encoding="utf-8"?>
<!DOCTYPE hibernate-mapping PUBLIC "-//Hibernate/Hibernate Mapping DTD 3.0//EN"
"http://hibernate.sourceforge.net/hibernate-mapping-3.0.dtd">
<!-- 
    Mapping file autogenerated by MyEclipse Persistence Tools
-->
<hibernate-mapping>
    <class name="com.unitop.sysmgr.bo.Guiyjsgxb" table="GUIYJSGXB">
        <composite-id name="id" class="com.unitop.sysmgr.bo.GuiyjsgxbId">
            <key-property name="guiyid" type="java.lang.String">
                <column name="GUIYID" length="15" />
            </key-property>
            <key-property name="juesid" type="java.lang.String">
                <column name="JUESID" length="12" />
            </key-property>
        </composite-id>
        <property name="beiz" type="java.lang.String">
            <column name="BEIZ" length="200" />
        </property>
    </class>
</hibernate-mapping>
