<?xml version="1.0" encoding="utf-8"?>
<!DOCTYPE hibernate-mapping PUBLIC "-//Hibernate/Hibernate Mapping DTD 3.0//EN"
"http://hibernate.sourceforge.net/hibernate-mapping-3.0.dtd">
<!-- 
    Mapping file autogenerated by MyEclipse Persistence Tools
-->
<hibernate-mapping>
    <class name="com.unitop.sysmgr.bo.Jicgncd" table="JICGNCD">
        <composite-id name="id" class="com.unitop.sysmgr.bo.JicgncdId">
            <key-property name="gongnid" type="java.lang.String">
                <column name="GONGNID" length="5" />
            </key-property>
            <key-property name="zignid" type="java.lang.String">
                <column name="ZIGNID" length="5" />
            </key-property>
        </composite-id>
        <property name="gongnmc" type="java.lang.String">
            <column name="GONGNMC" length="50" />
        </property>
        <property name="gongnurl" type="java.lang.String">
            <column name="GONGNURL" length="100" />
        </property>
        <property name="gongnlx" type="java.lang.String">
            <column name="GONGNLX" length="1" />
        </property>
        <property name="beiz" type="java.lang.String">
            <column name="BEIZ" length="50" />
        </property>
        <property name="quanxwz" type="java.lang.String">
            <column name="QUANXWZ" length="5" />
        </property>
        <property name="caidlx" type="java.lang.String">
            <column name="CAIDLX" length="20" />
        </property>
        <property name="classid" type="java.lang.String">
            <column name="CLASSID" length="20" />
        </property>
    </class>
</hibernate-mapping>
