<?xml version="1.0" encoding="utf-8"?>
<!DOCTYPE hibernate-mapping PUBLIC "-//Hibernate/Hibernate Mapping DTD 3.0//EN"
"http://hibernate.sourceforge.net/hibernate-mapping-3.0.dtd">
<!-- 
    Mapping file autogenerated by MyEclipse Persistence Tools
-->
<hibernate-mapping>
    <class name="com.unitop.sysmgr.bo.JiejrBo" table="JIEJRGL">
        <id name="year" type="string" column="YEAR" length="4">
		<generator class="assigned">
		</generator>
		</id>
        <property name="month_01" type="java.lang.String">
            <column name="MONTH_01" length="31" />
        </property>
        <property name="month_02" type="java.lang.String">
            <column name="MONTH_02" length="31" />
        </property>
        <property name="month_03" type="java.lang.String">
            <column name="MONTH_03" length="31" />
        </property>
        <property name="month_04" type="java.lang.String">
            <column name="MONTH_04" length="31" />
        </property>
        <property name="month_05" type="java.lang.String">
            <column name="MONTH_05" length="31" />
        </property>
        <property name="month_06" type="java.lang.String">
            <column name="MONTH_06" length="31" />
        </property>
        <property name="month_07" type="java.lang.String">
            <column name="MONTH_07" length="31" />
        </property>
        <property name="month_08" type="java.lang.String">
            <column name="MONTH_08" length="31" />
        </property>
        <property name="month_09" type="java.lang.String">
            <column name="MONTH_09" length="31" />
        </property>
        <property name="month_10" type="java.lang.String">
            <column name="MONTH_10" length="31" />
        </property>
        <property name="month_11" type="java.lang.String">
            <column name="MONTH_11" length="31" />
        </property>
        <property name="month_12" type="java.lang.String">
            <column name="MONTH_12" length="31" />
        </property>
    </class>
</hibernate-mapping>
