<?xml version="1.0" encoding="utf-8"?>
<!DOCTYPE hibernate-mapping PUBLIC "-//Hibernate/Hibernate Mapping DTD 3.0//EN"
"http://hibernate.sourceforge.net/hibernate-mapping-3.0.dtd">
<!-- 
    Mapping file autogenerated by MyEclipse Persistence Tools
-->
<hibernate-mapping>
    <class name="com.unitop.sysmgr.bo.Role" table="JUESB"> 
        <id name="juesid" type="java.lang.String">
            <column name="JUESID" length="12" />
            <generator class="assigned" />
        </id>
        <property name="juesmc" type="java.lang.String">
            <column name="JUESMC" length="50" />
        </property>
        <property name="juesms" type="java.lang.String">
            <column name="JUESMS" length="120" />
        </property>
        <property name="beiz" type="java.lang.String">
            <column name="BEIZ" length="200" />
        </property>
        <property name="juesjb" type="java.lang.String">
            <column name="JUESJB" length="1" />
        </property>
    </class>
</hibernate-mapping>
