<?xml version="1.0" encoding="UTF-8"?>
<!DOCTYPE hibernate-mapping PUBLIC 
    "-//Hibernate/Hibernate Mapping DTD 3.0//EN"
    "http://hibernate.sourceforge.net/hibernate-mapping-3.0.dtd">
<hibernate-mapping>
	<class name="com.unitop.sysmgr.bo.KagRenw" table="kagrw">
		<id name="renwbs" type="java.lang.String">
            <column name="renwbs" length="20" />
            <generator class="assigned" />
        </id>
		<property name="zhangh" type="string" column="zhangh" length="30"/>
		<property name="qiyrq" type="string" column="qiyrq" length="10"/>
		<property name="jigh" type="string" column="jigh" length="20"/>
		<property name="hum" type="string" column="hum" length="120" />
		<property name="renwlx" type="string" column="renwlx" length="1"/>
		<property name="renwrq" type="string" column="renwrq" length="10"/>
		<property name="renwsj" type="string" column="renwsj" length="10"/>
		<property name="yewlx" type="string" column="yewlx" length="2" />
		<property name="renwzt" type="string" column="renwzt" length="1"/>
		<property name="guiy" type="string" column="guiy" length="20"/>
		<property name="caozrq" type="string" column="caozrq" length="10"/>
		<property name="caozsj" type="string" column="caozsj" length="10"/>
		<property name="yinjks" type="integer" column="yinjks" />
		<property name="zuob" type="string" column="zuob" length="20"/>
		<property name="yinjkh" type="string" column="yinjkh" length="12"/>
	</class>
</hibernate-mapping>
