<?xml version="1.0"?>
<!DOCTYPE hibernate-mapping PUBLIC 
    "-//Hibernate/Hibernate Mapping DTD 3.0//EN"
    "http://hibernate.sourceforge.net/hibernate-mapping-3.0.dtd">

<hibernate-mapping>

	<class name="com.unitop.sysmgr.bo.Org" table="ORGANARCHIVES">
		<id name="code" type="string" column="ORGANNUM" length="20">
			<generator class="assigned">
			</generator>
		</id>
		<property name="name" type="string" column="ORGANNAME" length="20" not-null="true"/>
		<property name="parentCode" type="string" column="N_PARENTNUM" length="20"/>
		<property name="paymentCode" type="string" column="N_PAYMENTNUM" length="12"/>
		<property name="wdflag" type="string" column="WDFLAG" length="1"/>
		<property name="shOrgCode" type="string" column="SHENGHJGH" length="20"/>
		<property name="tctd" type="string" column="TONGDGZ" length="4"/>
		<property name="guanljg" type="string" column="GUANLJG" length="30"/>
		<property name="zhiszh" type="string" column="ZHISZH" length="20"/>
	</class>
	</hibernate-mapping>
