<?xml version="1.0" encoding="utf-8"?>
<!DOCTYPE hibernate-mapping PUBLIC "-//Hibernate/Hibernate Mapping DTD 3.0//EN"
"http://hibernate.sourceforge.net/hibernate-mapping-3.0.dtd">
<!-- 
    Mapping file autogenerated by MyEclipse Persistence Tools
    by wp
-->
<hibernate-mapping>
    <class name="com.unitop.sysmgr.bo.Pingzgcb" table="PINGZGCB">
        <composite-id name="pingzgcbid" class="com.unitop.sysmgr.bo.PingzgcbId"> 
            <key-property name="pingzh" type="java.lang.String" column="pingzh" length="20"/>
            <key-property name="pingzlx" type="java.lang.String" column="pingzlx" length="5"/>
        </composite-id>
         <property name="rukrq" type="java.lang.String">
            <column name="RUKRQ" length="10" />
        </property>
         <property name="rukjg" type="java.lang.String">
            <column name="RUKJG" length="20" />
        </property>
           <property name="guiyh" type="java.lang.String">
            <column name="GUIYH" length="15" />
        </property>
           <property name="lingyjg" type="java.lang.String">
            <column name="LINGYJG" length="20" />
        </property>
           <property name="jiglyfzr" type="java.lang.String">
            <column name="JIGLYFZR" length="15" />
        </property>
           <property name="pingzzt" type="java.lang.String">
            <column name="PINGZZT" length="5" />
        </property>
    </class>
</hibernate-mapping>
