<?xml version="1.0" encoding="utf-8"?>
<!DOCTYPE hibernate-mapping PUBLIC "-//Hibernate/Hibernate Mapping DTD 3.0//EN"
"http://hibernate.sourceforge.net/hibernate-mapping-3.0.dtd">
<!-- 
    Mapping file autogenerated by MyEclipse Persistence Tools
    by wp
-->
<hibernate-mapping>
    <class name="com.unitop.sysmgr.bo.Pingzjgsyb" table="PINGZJGSYB">
		<composite-id name="pingzjgsybid" class="com.unitop.sysmgr.bo.PingzjgsybId"> 
            <key-property name="jigh" type="java.lang.String" column="jigh" length="20"/>
            <key-property name="pingzlx" type="java.lang.String" column="pingzlx" length="5"/>
        </composite-id>
        <property name="yilzs" type="integer">
            <column name="yilzs" />
        </property>
         <property name="shengyzs" type="integer">
            <column name="shengyzs" />
        </property>
         <property name="zuofzs" type="integer">
            <column name="zuofzs" />
        </property>
    </class>
</hibernate-mapping>
