<?xml version="1.0" encoding="utf-8"?>
<!DOCTYPE hibernate-mapping PUBLIC "-//Hibernate/Hibernate Mapping DTD 3.0//EN"
"http://hibernate.sourceforge.net/hibernate-mapping-3.0.dtd">
<!-- 
    Mapping file autogenerated by MyEclipse Persistence Tools
-->
<hibernate-mapping>
    <class name="com.unitop.sysmgr.bo.Pingzyjlxgxb" table="PINGZYJLXGXB" >
        <comment>配置验印时，凭证与验印的印鉴的关系</comment>
        <composite-id name="id" class="com.unitop.sysmgr.bo.PingzyjlxgxbId">
            <key-property name="pingzbs" type="java.lang.String">
                <column name="PINGZBS" length="5" />
            </key-property>
            <key-property name="yinjlx" type="java.lang.String">
                <column name="YINJLX" length="10" />
            </key-property>
            <key-property name="jigh" type="java.lang.String">
                <column name="JIGH" length="20" />
            </key-property>
        </composite-id>
    </class>
</hibernate-mapping>
