<?xml version="1.0" encoding="utf-8"?>
<!DOCTYPE hibernate-mapping PUBLIC "-//Hibernate/Hibernate Mapping DTD 3.0//EN"
"http://hibernate.sourceforge.net/hibernate-mapping-3.0.dtd">
<!-- 
    Mapping file autogenerated by MyEclipse Persistence Tools
-->
<hibernate-mapping>
    <class name="com.unitop.sysmgr.bo.Pingzxtlxgxb" table="PINGZXTLXGXB">
        <comment>配置验印时，凭证与组合的系统类型的关系</comment>
        <composite-id name="id" class="com.unitop.sysmgr.bo.PingzxtlxgxbId">
            <key-property name="pingzbs" type="java.lang.String">
                <column name="PINGZBS" length="5" />
            </key-property>
            <key-property name="xitlx" type="java.lang.String">
                <column name="XITLX" length="4" />
            </key-property>
            <key-property name="jigh" type="java.lang.String">
                <column name="JIGH" length="20" />
            </key-property>
        </composite-id>
    </class>
</hibernate-mapping>
