<?xml version="1.0" encoding="utf-8"?>
<!DOCTYPE hibernate-mapping PUBLIC "-//Hibernate/Hibernate Mapping DTD 3.0//EN"
"http://hibernate.sourceforge.net/hibernate-mapping-3.0.dtd">
<hibernate-mapping>

	
    <class name="com.unitop.sysmgr.bo.Usermanage" table="yonghwhb" >
    	<id name="id" type="java.lang.String" column="id" >
		<generator class="uuid">
		</generator>
		</id>
        <property name="jigouhao" type="java.lang.String">
            <column name="JIGOUHAO" length="40" />
        </property>
        <property name="jigouname" type="java.lang.String">
            <column name="JIGOUNAME" length="200" />
        </property>
        <property name="userid" type="java.lang.String">
            <column name="USERID" length="20" />
        </property>
        <property name="username" type="java.lang.String">
            <column name="USERNAME" length="20" />
        </property>
        <property name="maintenance" type="java.lang.String">
            <column name="MAINTENANCE" length="20" />
        </property>
        <property name="chaxrq" type="java.lang.String">
            <column name="CHAXRQ" length="10" />
        </property>
        <property name="chaxtime" type="java.lang.String">
            <column name="CHAXTIME" length="10" />
        </property>
        <property name="beiz" type="java.lang.String">
            <column name="BEIZ" length="200" />
        </property>
        <property name="userjues" type="java.lang.String">
            <column name="userjues" length="200" />
        </property>
        <property name="clerkcode" type="java.lang.String">
            <column name="clerkcode" length="20" />
        </property>
        <property name="clerkname" type="java.lang.String">
            <column name="clerkname" length="20" />
        </property>
    </class>
</hibernate-mapping>
