<?xml version="1.0" encoding="utf-8"?>
<!DOCTYPE hibernate-mapping PUBLIC "-//Hibernate/Hibernate Mapping DTD 3.0//EN"
"http://hibernate.sourceforge.net/hibernate-mapping-3.0.dtd">
<!-- 
    Mapping file autogenerated by MyEclipse Persistence Tools
-->
<hibernate-mapping>
    <class name="com.unitop.sysmgr.bo.Xitlx" table="xitlxb">
        <id name="xitlx" type="java.lang.String">
            <column name="xitlx" length="10" />
            <generator class="assigned" />
        </id>
        <property name="beiz" type="java.lang.String">
            <column name="beiz" length="10">
                <comment>备注</comment>
            </column>
        </property>
        <property name="shifqy" type="java.lang.String">
            <column name="shifqy" length="1">
                <comment>是否启用</comment>
            </column>
        </property>
    </class>
</hibernate-mapping>
