<?xml version="1.0" encoding="utf-8"?>
<!DOCTYPE hibernate-mapping PUBLIC "-//Hibernate/Hibernate Mapping DTD 3.0//EN"
"http://hibernate.sourceforge.net/hibernate-mapping-3.0.dtd">
<hibernate-mapping>

    <class name="com.unitop.sysmgr.bo.Yinjcyrzb" table="yinjcyrzb" >
    	<id name="id" type="java.lang.String" column="id" >
		<generator class="uuid">
		</generator>
		</id>
        <property name="jigouhao" type="java.lang.String">
            <column name="JIGOUHAO" length="40" />
        </property>
        <property name="jigoumc" type="java.lang.String">
            <column name="JIGOUMC" length="200" />
        </property>
        <property name="yinjbh" type="java.lang.String">
            <column name="YINJBH" length="20" />
        </property>
        <property name="guiymz" type="java.lang.String">
            <column name="GUIYMZ" length="20" />
        </property>
        <property name="guiyh" type="java.lang.String">
            <column name="GUIYH" length="70" />
        </property>
        <property name="chaxrq" type="java.lang.String">
            <column name="CHAXRQ" length="10" />
        </property>
        <property name="chaxtime" type="java.lang.String">
            <column name="CHAXTIME" length="10" />
        </property>
        <property name="beiz" type="java.lang.String">
            <column name="BEIZ" length="200" />
        </property>
    </class>
</hibernate-mapping>
