<?xml version="1.0" encoding="utf-8"?>
<!DOCTYPE hibernate-mapping PUBLIC "-//Hibernate/Hibernate Mapping DTD 3.0//EN"
"http://hibernate.sourceforge.net/hibernate-mapping-3.0.dtd">
<!-- 
    Mapping file autogenerated by MyEclipse Persistence Tools
-->
<hibernate-mapping>
    <class name="com.unitop.sysmgr.bo.Yinjk" table="YINJK" >
        <composite-id name="yinjkid" class="com.unitop.sysmgr.bo.YinjkId">
            <key-property name="zhangh" type="java.lang.String">
                <column name="ZHANGH" length="30" />
            </key-property>
            <key-property name="yinjkh" type="java.lang.String">
                <column name="YINJKH" length="12" />
            </key-property>
             <key-property name="qiyrq" type="java.lang.String">
                <column name="QIYRQ" length="10" />
            </key-property>
        </composite-id>
        <property name="jigh" type="java.lang.String">
            <column name="JIGH" length="20" />
        </property>
        <property name="kagid" type="java.lang.String">
            <column name="KAGID" length="20" />
        </property>
        <property name="ceng" type="java.lang.String">
            <column name="CENG" length="10" />
        </property>
        <property name="choutwz" type="java.lang.String">
            <column name="CHOUTWZ" length="10" />
        </property>  
         <property name="zhengmwjm" type="java.lang.String">
            <column name="zhengmwjm" length="500" />
        </property>
        <property name="fanmwjm" type="java.lang.String">
            <column name="fanmwjm" length="500" />
        </property>
         <property name="tingyrq" type="java.lang.String">
            <column name="TINGYRQ" length="10" />
        </property>
         <property name="shifzk" type="java.lang.String">
            <column name="shifzk" length="1" />
        </property>    
          <property name="yewlx" type="java.lang.String">
            <column name="yewlx" length="2" />
        </property>    
    </class>
</hibernate-mapping>
