<?xml version="1.0" encoding="utf-8"?>
<!DOCTYPE hibernate-mapping PUBLIC "-//Hibernate/Hibernate Mapping DTD 3.0//EN"
"http://hibernate.sourceforge.net/hibernate-mapping-3.0.dtd">
<!-- 
    Mapping file autogenerated by MyEclipse Persistence Tools
-->
<hibernate-mapping>
    <class name="com.unitop.sysmgr.bo.Yinjb" table="YINJB">
		<composite-id name="yinjid" class="com.unitop.sysmgr.bo.YinjId"> 
            <key-property name="zhangh" type="string" column="zhangh" length="30"/>
            <key-property name="yinjbh" type="string" column="yinjbh" length="4"/>
            <key-property name="qiyrq" type="string" column="qiyrq" length="10"/>
        </composite-id>
        <property name="shancrq" type="java.lang.String">
            <column name="shancrq" length="10" />
        </property>
        <property name="yinjlx" type="java.lang.String">
            <column name="yinjlx" length="10" />
        </property>
        <property name="yinjzl" type="java.lang.String">
            <column name="yinjzl" length="4" />
        </property>
        <property name="yinjys" type="java.lang.String">
            <column name="yinjys" length="4" />
        </property>
        <property name="yinjtp" type="java.sql.Blob">
            <column name="yinjtp"  />
        </property>
        <property name="yinjzt" type="java.lang.String">
            <column name="yinjzt" length="4" />
        </property>       
        <property name="yinjshzt" type="java.lang.String">
            <column name="yinjshzt" length="4" />
        </property>
        <property name="yinjkbh" type="java.lang.String">
            <column name="yinjkbh" length="12" />
        </property>
        <property name="tingyrq" type="java.lang.String">
            <column name="TINGYRQ" length="10" />
        </property> 
         <property name="yanyjb" type="java.lang.String">
            <column name="yanyjb" length="3" />
        </property> 
         <property name="yanyjg" type="java.lang.String">
            <column name="yanyjg" length="1" />
        </property>  
    </class>
</hibernate-mapping>
