<?xml version="1.0" encoding="utf-8"?>
<!DOCTYPE hibernate-mapping PUBLIC "-//Hibernate/Hibernate Mapping DTD 3.0//EN"
"http://hibernate.sourceforge.net/hibernate-mapping-3.0.dtd">
<!-- 
    Mapping file autogenerated by MyEclipse Persistence Tools
-->
<hibernate-mapping>
    <class name="com.unitop.sysmgr.bo.Yinjzhb" table="YINJZHB">
		<composite-id name="yinjzhid" class="com.unitop.sysmgr.bo.YinjzhId"> 
            <key-property name="zhangh" type="string" column="zhangh" length="30"/>
            <key-property name="jinesx" type="double" column="jinesx" />
            <key-property name="jinexx" type="double" column="jinexx" />
            <key-property name="xitlx" type="string" column="xitlx" length="4"/>
            <key-property name="qiyrq" type="string" column="qiyrq" length="10"/>
             <key-property name="zuhgz" type="string" column="zuhgz" length="400"/>
        </composite-id>
        <property name="shancrq" type="java.lang.String">
            <column name="shancrq" length="10" />
        </property>
        <property name="zuhzt" type="java.lang.String">
            <column name="zuhzt" length="4" />
        </property>
        <property name="zuhshzt" type="java.lang.String">
            <column name="zuhshzt" length="4" />
        </property>
        <property name="tingyrq" type="java.lang.String">
            <column name="TINGYRQ" length="10" />
        </property>      
    </class>
</hibernate-mapping>
