<?xml version="1.0" encoding="utf-8"?>
<!DOCTYPE hibernate-mapping PUBLIC "-//Hibernate/Hibernate Mapping DTD 3.0//EN"
"http://hibernate.sourceforge.net/hibernate-mapping-3.0.dtd">

<hibernate-mapping>
    <class name="com.unitop.sysmgr.bo.Zhanghxz" table="ZHANGHXZB">
        <id name="zhanghxzbh" type="java.lang.String">
            <column name="ZHANGHXZBH" length="30" />
            <generator class="assigned" />
        </id>
        <property name="zhanghxz" type="java.lang.String">
            <column name="ZHANGHXZ" length="30" />
        </property>
        <property name="beiz" type="java.lang.String">
            <column name="BEIZ" length="120"  />
        </property>
    </class>
</hibernate-mapping>
