<?xml version="1.0" encoding="utf-8"?>
<!DOCTYPE hibernate-mapping PUBLIC "-//Hibernate/Hibernate Mapping DTD 3.0//EN"
"http://hibernate.sourceforge.net/hibernate-mapping-3.0.dtd">
<!-- 
    Mapping file autogenerated by MyEclipse Persistence Tools
-->
<hibernate-mapping>
    <class name="com.unitop.sysmgr.bo.Zhanghb" table="ZHANGHB">
        <id name="zhangh" type="java.lang.String">
            <column name="ZHANGH" length="30" />
            <generator class="assigned" />
        </id>
        <property name="kehh" type="java.lang.String">
            <column name="KEHH" length="30" />
        </property>
        <property name="hum" type="java.lang.String">
            <column name="HUM" length="120"  />
        </property>
        <property name="jigh" type="java.lang.String">
            <column name="JIGH" length="20" />
        </property>
        <property name="diz" type="java.lang.String">
            <column name="DIZ" length="120" />
        </property>
        <property name="youzbm" type="java.lang.String">
            <column name="YOUZBM" length="6" />
        </property>
        <property name="lianxr" type="java.lang.String">
            <column name="LIANXR" length="30" />
        </property>
        <property name="dianh" type="java.lang.String">
            <column name="DIANH" length="40" />
        </property>
        <property name="kaihrq" type="java.lang.String">
            <column name="KAIHRQ" length="10" />
        </property>
        <property name="tongctd" type="java.lang.String">
            <column name="TONGCTD" length="4" />
        </property>
        <property name="huobh" type="java.lang.String">
            <column name="HUOBH" length="5" />
        </property>
        <property name="youwyj" type="java.lang.String">
            <column name="YOUWYJ" length="2" />
        </property>
        <property name="youwzh" type="java.lang.String">
            <column name="YOUWZH" length="2" />
        </property>
        <property name="yinjshzt" type="java.lang.String">
            <column name="YINJSHZT" length="4"  />
        </property>
        <property name="zhanghshzt" type="java.lang.String">
            <column name="ZHANGHSHZT" length="4"  />
        </property>
        <property name="zuhshzt" type="java.lang.String">
            <column name="ZUHSHZT" length="4" />
        </property>
        <property name="zhanghzt" type="java.lang.String">
            <column name="ZHANGHZT" length="4"  />
        </property>
        <property name="beiz" type="java.lang.String">
            <column name="BEIZ" length="50" />
        </property>
        <property name="zhuzh" type="java.lang.String">
            <column name="ZHUZH" length="30" />
        </property>
        <property name="fuyrq" type="java.lang.String">
            <column name="FUYRQ" length="10" />
        </property>
         <property name="quxfyrq" type="java.lang.String">
            <column name="QUXFYRQ" length="10" />
        </property>
         <property name="jiankbs" type="java.lang.String">
            <column name="JIANKBS" length="2" />
        </property>
         <property name="tingyrq" type="java.lang.String">
            <column name="TINGYRQ" length="10" />
        </property>
          <property name="zhanghxz" type="java.lang.String">
            <column name="ZHANGHXZ" length="40" />
        </property>  
        <property name="guiyjgh" type="java.lang.String">
            <column name="guiyjgh" length="8" />
        </property>
        <property name="jiesywsqr" type="java.lang.String">
            <column name="jiesywsqr" length="8" />
        </property>
        <property name="jiesywsqrdh" type="java.lang.String">
            <column name="jiesywsqrdh" length="8" />
        </property>
        <property name="shefzid" type="java.lang.String">
            <column name="shefzid" length="20" />
        </property>         
    </class>
</hibernate-mapping>
