﻿<?xml version="1.0" encoding="utf-8" ?>
<configuration>
  <appSettings>
    <add key="TransType" value="local"/>
    <add key="CodeType" value="0"/>
    <add key="MesageType" value="json"/>
    <add key="encoding" value="GBK"/>
    <!--http://cnl20044561.cn.hsbc:20001/HFYY/_uniDBInterface.jsp-->
    <!--<add key="serverPath" value="http://cnl20044561.cn.hsbc:20001/HFYY/_uniDBInterface.jsp"/>-->
    <add key="serverPath" value="https://cnl20044561.cn.hsbc:30000/HFYY/_uniDBInterface.jsp"/>
    <add key="timeOut" value="300000"/>
  </appSettings>
</configuration>

